name,category,year,courseid,credit,duration,schedule,current_students,total_students,note
고급파이썬프로그래밍,이중(부)전공,2,V41010101,3,3,금 4 5 6 ( ),60,55,"비대면(학기 전체), 타학년은 수강신청 전체날에만 신청 가능, 타전공은 개강 이후 정정기간에만 신청 가능"
고급파이썬프로그래밍,이중(부)전공,2,V41010102,3,3,금 1 2 3 ( ),52,55,"비대면(학기 전체), 타학년은 수강신청 전체날에만 신청 가능, 타전공은 개강 이후 정정기간에만 신청 가능"
고급파이썬프로그래밍,이중(부)전공,2,V41010103,3,3,수 1 2 3 ( ),59,55,"비대면(학기 전체), 타학년은 수강신청 전체날에만 신청 가능, 타전공은 개강 이후 정정기간에만 신청 가능"
컴퓨터수학,이중(부)전공,2,V41002201,3,3,월 1 2 3 ( ),52,50,"비대면(학기 전체), 타학년은 수강신청 전체날에만 신청 가능, 타전공은 개강 이후 정정기간에만 신청 가능"
컴퓨터수학,이중(부)전공,2,V41002202,3,3,금 1 2 3 ( ),59,50,"비대면(학기 전체), 타학년은 수강신청 전체날에만 신청 가능, 타전공은 개강 이후 정정기간에만 신청 가능"
컴퓨터수학,이중(부)전공,2,V41002203,3,3,금 7 8 9 ( ),60,50,"비대면(학기 전체), 타학년은 수강신청 전체날에만 신청 가능, 타전공은 개강 이후 정정기간에만 신청 가능"
언어와논리,이중(부)전공,2,V41003201,3,3,화 4 5 6 (3306),37,35,"대면, AI융합전공 이중전공생만 수강(기존 언어와공학 포함)"
컴퓨터와언어학,이중(부)전공,3,J05002201,3,3,수 4 5 6 (3401),37,35,"대면, AI융합전공(Language&AI 트랙) 및 기존 언어와공학 이중전공생만 수강, 이번학기에 한해서 ELLT학과, 영어학과, 영어학부 교차수강 가능"
언어와데이터베이스,이중(부)전공,4,J05402201,3,3,목 7 8 9 (1503),22,30,"대면, AI융합전공(Language&AI 트랙) 및 기존 언어와공학 이중전공생만 수강"
공학설계,이중(부)전공,2,V41011101,3,3,금 1 2 3 ( ),12,60,"비대면(학기 전체), 타학년은 수강신청 전체날에만 신청 가능, 타전공은 개강 이후 정정기간에만 신청 가능"
컴퓨터논리개론,이중(부)전공,2,T07201201,3,3,화 4 5 6 ( ),91,90,"비대면(학기 전체), 타학년은 수강신청 전체날에만 신청 가능, 타전공은 개강 이후 정정기간에만 신청 가능"
데이터사이언스,이중(부)전공,3,V41007201,3,3,화 10 11 12 ( ),31,60,"비대면(학기 전체), 타학년은 수강신청 전체날에만 신청 가능, 타전공은 개강 이후 정정기간에만 신청 가능"
알고리즘,이중(부)전공,3,V41008201,3,3,월 7 8 9 ( ),70,71,"비대면(학기 전체), 타학년은 수강신청 전체날에만 신청 가능, 타전공은 개강 이후 정정기간에만 신청 가능"
운영체제,이중(부)전공,3,V41009201,3,3,화 7 8 9 ( ),69,80,"비대면(학기 전체), 타학년은 수강신청 전체날에만 신청 가능, 타전공은 개강 이후 정정기간에만 신청 가능"
웹프로그래밍,이중(부)전공,4,T02253601,3,3,수 4 5 6 ( ),37,60,"비대면(학기 전체), 타학년은 수강신청 전체날에만 신청 가능, 타전공은 개강 이후 정정기간에만 신청 가능"
인공지능,이중(부)전공,4,V41020101,3,3,목 10 11 12 ( ),23,60,"비대면(학기 전체), 타학년은 수강신청 전체날에만 신청 가능, 타전공은 개강 이후 정정기간에만 신청 가능"
종합설계,이중(부)전공,4,T07403201,3,3,수 10 11 12 ( ),47,60,"비대면(학기 전체), 타학년은 수강신청 전체날에만 신청 가능, 타전공은 개강 이후 정정기간에만 신청 가능"
러시아.투르크.몽골의민족과종교,인문학공통,1,J11004101,2,2,월 7 8 (3409),27,30,"Team Teaching, 대면"
러시아.투르크.몽골의인문지리와사회,인문학공통,1,J11003101,2,2,월 5 6 (1404),33,30,"Team Teaching, 대면"
서양문학과대중문화,인문학공통,1,J11002101,2,2,목 7 8 (2105),11,30,대면
유럽근현대사,인문학공통,1,J11001101,2,2,월 7 8 (3207),23,30,대면
이슬람사상의이해(1),인문학공통,1,J11010101,3,3,목 7 8 9 (3404),16,20,대면
인도.동남아시아언어와사회,인문학공통,1,J11006101,2,2,월 5 6 (1601),35,40,"Team Teaching, 대면"
인도.동남아시아역사와지리,인문학공통,1,J11007101,2,2,월 3 4 (3503),11,40,"Team Teaching, 대면"
중남미역사와사상(1),인문학공통,1,J11005101,3,3,화 4 5 6 ( ),9,60,"Team Teaching, 비대면(학기 전체)"
중남미역사와사상(1),인문학공통,1,J11005102,3,3,화 7 8 9 ( ),13,60,"Team Teaching, 비대면(학기 전체)"
중남미역사와사상(1),인문학공통,1,J11005103,3,3,목 4 5 6 ( ),22,60,"Team Teaching, 비대면(학기 전체)"
중동의사회와문화(1),인문학공통,1,J11009101,3,3,목 1 2 3 (2502),8,20,대면
Discussion & Debate (1),전공,1,A01699101,2,2,목 3 4 (1608),32,21,"원어, 대면, 영어주제토론입문(1), Speaking in Context(1)과 동일과목"
Discussion & Debate (1),전공,1,A01699102,2,2,금 1 2 (1304),24,20,"원어, 대면, 영어주제토론입문(1), Speaking in Context(1)과 동일과목"
English for International Conferences,전공,1,A01705201,2,2,월 7 8 (2507),29,30,"원어, 대면"
English for International Conferences,전공,1,A01705202,2,2,월 9 10 (2507),13,30,"원어, 대면"
Foundations of Interpreting and Translation (1),전공,1,A01697101,2,2,수 3 4 (2201),26,20,"대면, 텍스트분석및번역입문(1), 통번역학개론(1)과 동일과목, 영어통번역학과생만 전필"
Foundations of Interpreting and Translation (1),전공,1,A01697102,2,2,수 5 6 (2201),32,20,"대면, 텍스트분석및번역입문(1), 통번역학개론(1)과 동일과목, 영어통번역학과생만 전필"
Foundations of Interpreting and Translation (1),전공,1,A01697103,2,2,화 5 6 (1204),18,20,"원어, 대면, 텍스트분석및번역입문(1), 통번역학개론(1)과 동일과목, 영어통번역학과생만 전필"
Foundations of Interpreting and Translation (1),전공,1,A01697104,2,2,월 7 8 (3509),22,20,"원어, 대면, 텍스트분석및번역입문(1), 통번역학개론(1)과 동일과목, 영어통번역학과생만 전필, 영어대교류"
Presenting in English (1),전공,1,A01698101,2,2,금 3 4 (1504),19,20,"원어, 대면, 영어프레젠테이션입문(1), Rhetoric&Debate(1)과 동일과목"
Presenting in English (1),전공,1,A01698102,2,2,금 5 6 (1504),23,20,"원어, 대면, 영어프레젠테이션입문(1), Rhetoric&Debate(1)과 동일과목"
Prose & Paragraphs,전공,1,A01700101,2,2,화 7 8 (2208),23,20,"원어, 대면, 영어글쓰기입문(1), Culture&Writing(1)과 동일과목, 해외경험 2년이상 학생 수강제한"
Prose & Paragraphs,전공,1,A01700102,2,2,수 7 8 (3502),27,20,"원어, 대면, 영어글쓰기입문(1), Culture&Writing(1)과 동일과목, 해외경험 2년이상 학생 수강제한"
Computer-aided Translation (1),전공,2,A01278101,2,2,월 3 4 (0117),36,30,대면
English for Negotiations (1),전공,2,A01707101,2,2,월 1 2 (01202),11,20,"원어, 대면"
English for Negotiations (1),전공,2,A01707102,2,2,목 5 6 (1608),26,21,"원어, 대면"
English-Korean Translation (1),전공,2,A01253201,2,2,월 5 6 (1504),28,30,"원어, 대면, 영한번역입문(1)과 동일과목, 영어통번역학과생만 전필"
English-Korean Translation (1),전공,2,A01253202,2,2,월 3 4 (2408),31,30,"대면, 영한번역입문(1)과 동일과목, 영어통번역학과생만 전필, 영어대교류"
English-Korean Translation (1),전공,2,A01253203,2,2,화 3 4 (2408),20,30,"대면, 영한번역입문(1)과 동일과목, 영어통번역학과생만 전필"
Korean-English Translation (1),전공,2,A01503201,2,2,화 1 2 (1407),9,30,"원어, 대면, 한영번역입문(1), 한영번역기초(1)와 동일과목, 영어통번역학과생만 전필, 영어대교류"
Korean-English Translation (1),전공,2,A01503202,2,2,화 5 6 (2208),19,30,"원어, 대면, 한영번역입문(1), 한영번역기초(1)와 동일과목, 영어통번역학과생만 전필"
Language Resources and Interpreting Practice (1),전공,2,A01513501,2,2,화 3 4 (01202),20,20,"대면, 영한순차통역(1), English-Korean Consecutive Interpreting(1)과 동일과목, 영어통번역학과생만 전필"
Language Resources and Interpreting Practice (1),전공,2,A01513502,2,2,목 1 2 (3504),21,20,"대면, 영한순차통역(1), English-Korean Consecutive Interpreting(1)과 동일과목, 영어통번역학과생만 전필, 영어대교류"
Language Resources and Interpreting Practice (1),전공,2,A01513503,2,2,목 3 4 (3504),18,20,"대면, 영한순차통역(1), English-Korean Consecutive Interpreting(1)과 동일과목, 영어통번역학과생만 전필"
Translating Korean Games and Webtoons (1),전공,2,A01515101,2,2,월 3 4 (3506),21,30,대면
Translating Korean Games and Webtoons (1),전공,2,A01515102,2,2,월 5 6 (3506),21,30,대면
Translation Theory & Practice (1),전공,2,A01336101,2,2,수 7 8 (1507),31,30,"대면, 영어번역이론및실제(1)과 동일과목, 영어통번역학과생만 전필"
Translation Theory & Practice (1),전공,2,A01336102,2,2,목 3 4 (3501),27,30,"대면, 영어번역이론및실제(1)과 동일과목, 영어통번역학과생만 전필, 영어대교류"
Translation Theory & Practice (1),전공,2,A01336103,2,2,금 5 6 (3507),14,30,"대면, 영어번역이론및실제(1)과 동일과목, 영어통번역학과생만 전필"
Advanced English-Korean Consecutive Interpreting(1),전공,3,A01724101,2,2,월 7 8 (1408),11,20,"원어, 대면, 영한순차통역심화(1)과 동일과목"
Advanced English-Korean Consecutive Interpreting(1),전공,3,A01724102,2,2,목 1 2 (3302),8,20,"원어, 대면, 영한순차통역심화(1)과 동일과목, 영어대교류"
Advanced English-Korean Translation (1),전공,3,A01725101,2,2,화 7 8 (3506),25,30,"대면, 정치경제번역(1)과 동일과목"
Advanced English-Korean Translation (1),전공,3,A01725102,2,2,화 9 10 (3506),11,30,"대면, 정치경제번역(1)과 동일과목"
Advanced English-Korean Translation (1),전공,3,A01725103,2,2,수 1 2 (3508),18,30,"대면, 정치경제번역(1)과 동일과목, 영어대교류"
Culture & Language,전공,3,A01713101,2,2,수 9 10 (1504),11,30,"원어, 대면, 문화와언어와 동일과목, 영어대교류"
Culture & Language,전공,3,A01713102,2,2,금 7 8 (1504),9,30,"원어, 대면, 문화와언어와 동일과목"
Culture & Media Translation (1),전공,3,A01711101,2,2,금 1 2 (2208),14,30,"원어, 대면, 문화미디어번역(1)과 동일과목, 영어대교류"
Culture & Media Translation (1),전공,3,A01711102,2,2,금 3 4 (2208),18,30,"원어, 대면, 문화미디어번역(1)과 동일과목"
Issues in International Relations (1),전공,3,A01717101,2,2,화 7 8 (1502),19,30,"원어, 대면, 영미권국제관계의이해(1)과 동일과목"
Issues in International Relations (1),전공,3,A01717102,2,2,화 9 10 (1502),8,30,"원어, 대면, 영미권국제관계의이해(1)과 동일과목, 영어대교류"
Korean-English Consecutive Interpreting (1),전공,3,A01723101,2,2,화 1 2 (3504),16,20,"대면, 한영순차통역(1)과 동일과목, 영어통번역학과생만 전필, 영어대교류"
Korean-English Consecutive Interpreting (1),전공,3,A01723102,2,2,화 3 4 (3504),14,20,"대면, 한영순차통역(1)과 동일과목, 영어통번역학과생만 전필"
Literary Translation (1),전공,3,A01709101,2,2,수 5 6 (3406),30,30,"대면, 문학번역(1)과 동일과목"
Literary Translation (1),전공,3,A01709102,2,2,수 7 8 (3406),29,30,"대면, 문학번역(1)과 동일과목, 영어대교류"
Translation in Cultural Contexts (1),전공,3,A01727301,2,2,월 5 6 (2408),32,30,"대면, 한영순차통역심화(1), Advanced Korean-English Consecutive Interpreting(1)과 동일과목, 영어대교류"
Understanding Story Structures for Translation,전공,3,A01715201,2,2,화 3 4 (1404),25,30,"원어, 대면, 번역을위한이야기구조이해(1)과 동일과목, 영어대교류"
Machine Translation Post-editing (MTPE) (1),전공,4,A01338101,2,2,월 7 8 (1502),30,30,대면
Advanced English Reading for Translation (1),전공,4,A01730201,2,2,월 1 2 (1502),14,30,"원어, 대면, 번역을위한고급영어강독(1)과 동일과목, 영어대교류"
Advanced English Reading for Translation (1),전공,4,A01730202,2,2,월 3 4 (1502),22,30,"원어, 대면, 번역을위한고급영어강독(1)과 동일과목"
English Translation in Business and Finance (1),전공,4,A01519101,2,2,금 3 4 (1406),20,30,대면
English Translation in Business and Finance (1),전공,4,A01519102,2,2,금 5 6 (1406),10,30,대면
T & I Practicum (1),전공,4,A01728301,2,2,목 7 8 (2203),20,20,"대면, Specialized Consecutive Interpreting(1)과 동일과목, 4학년 수강, 전문대학원 입시준비반, P/F 성적산정, 교류/이중(부) 모두 수강불가"
Translation Studies Capstone Design,전공,4,A01729401,3,3,수 4 5 6 (0329),30,30,"대면, 번역학캡스톤디자인(1)과 동일과목, P/F 성적산정"
Discussion & Debate (1),이중(부)전공,2,A01699103,2,2,금 3 4 (1302),27,31,"원어, 대면, 영어주제토론입문(1), Speaking in Context(1)과 동일과목, 1전공자수강금지"
Discussion & Debate (1),이중(부)전공,2,A01699104,2,2,금 7 8 (3407),28,30,"원어, 대면, 영어주제토론입문(1), Speaking in Context(1)과 동일과목, 1전공자수강금지"
Foundations of Interpreting and Translation (1),이중(부)전공,2,A01697105,2,2,화 5 6 (2509),20,30,"대면, 텍스트분석및번역입문(1), 통번역학개론(1)과 동일과목, 1전공자수강금지"
Foundations of Interpreting and Translation (1),이중(부)전공,2,A01697106,2,2,화 1 2 (2403),16,30,"대면, 텍스트분석및번역입문(1), 통번역학개론(1)과 동일과목, 1전공자수강금지, 영어대교류(이중)"
Foundations of Interpreting and Translation (1),이중(부)전공,2,A01697107,2,2,월 5 6 (3509),30,30,"대면, 텍스트분석및번역입문(1), 통번역학개론(1)과 동일과목, 1전공자수강금지"
Presenting in English (1),이중(부)전공,2,A01698103,2,2,수 7 8 (1504),27,30,"원어, 대면, 영어프레젠테이션입문(1), Rhetoric&Debate(1)과 동일과목, 1전공자수강금지"
Prose & Paragraphs,이중(부)전공,2,A01700103,2,2,목 5 6 (3301),31,30,"원어, 대면, 영어글쓰기입문(1), Culture&Writing(1)과 동일과목, 1전공자수강금지"
Prose & Paragraphs,이중(부)전공,2,A01700104,2,2,목 7 8 (3301),31,30,"원어, 대면, 영어글쓰기입문(1), Culture&Writing(1)과 동일과목, 1전공자수강금지"
Computer-aided Translation (1),이중(부)전공,3,A01278102,2,2,월 1 2 (0117),33,30,대면
English-Korean Translation (1),이중(부)전공,3,A01253204,2,2,화 5 6 (2408),26,30,"대면, 영한번역입문(1)과 동일과목, 1전공자수강금지"
English-Korean Translation (1),이중(부)전공,3,A01253205,2,2,수 3 4 (3507),28,30,"대면, 영한번역입문(1)과 동일과목, 1전공자수강금지, 영어대교류(이중)"
Korean-English Translation (1),이중(부)전공,3,A01503203,2,2,수 5 6 (1504),21,30,"원어, 대면, 한영번역입문(1)과 동일과목, 1전공자수강금지, 영어대교류(이중)"
Language Resources and Interpreting Practice (1),이중(부)전공,3,A01513504,2,2,목 5 6 (2405),16,20,"원어, 대면, 영한순차통역(1), English-Korean Consecutive Interpreting(1)과 동일과목, 영어통번역학과생만 전필,1전공자수강금지"
Language Resources and Interpreting Practice (1),이중(부)전공,3,A01513505,2,2,목 7 8 (2405),19,20,"원어, 대면, 영한순차통역(1), English-Korean Consecutive Interpreting(1)과 동일과목, 영어통번역학과생만 전필,1전공자수강금지, 영어대교류(이중)"
Translation Theory & Practice (1),이중(부)전공,3,A01336104,2,2,목 5 6 (3501),34,30,"대면, 영어번역이론및실제(1)과 동일과목, 1전공자수강금지, 영어대교류(이중)"
Advanced English-Korean Consecutive Interpreting(1),이중(부)전공,4,A01724103,2,2,금 1 2 (2203),21,20,"대면, 영한순차통역심화(1)와 동일과목, 1전공자수강금지, 영어대교류(이중)"
Advanced English-Korean Translation (1),이중(부)전공,4,A01725104,2,2,수 3 4 (3508),33,30,"대면, 정치경제번역(1)과 동일과목, 1전공자수강금지, 영어대교류(이중)"
Korean-English Consecutive Interpreting (1),이중(부)전공,4,A01723103,2,2,목 3 4 (3302),18,20,"원어, 대면, 한영순차통역(1) 동일과목, 1전공자수강금지, 영어대교류(이중)"
Critical Writing(General 1),전공,1,A01740101,2,2,화 7 8 (2401),33,20,"전필, 대면, 18학번부터 전필. 배치고사 미응시자 수강불가. 신입생만 수강"
Critical Writing(General 1),전공,1,A01740102,2,2,월 7 8 (1607),24,26,"전필, 원어, 대면, 18학번부터 전필."
Critical Writing(General 1),전공,1,A01740103,2,2,화 1 2 (2201),21,20,"전필, 원어, 대면, 18학번부터 전필. 배치고사 미응시자 수강불가. 신입생만 수강"
Critical Writing(Honors 1),전공,1,A01741101,2,2,월 5 6 (1607),22,20,"전필, 원어, 대면, 18학번부터 전필. 배치고사 미응시자 수강불가. 신입생만 수강"
Critical Writing(Honors 1),전공,1,A01741102,2,2,금 3 4 (1206),15,20,"전필, 원어, 대면, 18학번부터 전필. 배치고사 미응시자 수강불가. 신입생만 수강"
Intensive Reading (1),전공,1,A01739101,2,2,금 3 4 (2210),35,30,대면
Intensive Reading (1),전공,1,A01739102,2,2,화 3 4 (3506),21,30,대면
Intensive Reading (1),전공,1,A01739103,2,2,화 5 6 (1404),23,30,대면
Interacting in Spoken English (1),전공,1,A01742101,2,2,수 5 6 (1409),17,20,"원어, 대면, 해외거주 2년 이상인 신입생 수강 불가"
Interacting in Spoken English (1),전공,1,A01742102,2,2,월 1 2 (2105),22,20,"원어, 대면, 해외거주 2년 이상인 신입생 수강 불가"
Interacting in Spoken English (1),전공,1,A01742103,2,2,금 1 2 (0211),15,20,"원어, 대면, 해외거주 2년 이상인 신입생 수강 불가"
Media English - Listening (1),전공,1,A01737101,2,2,수 9 10 (0117),19,30,"원어, 대면"
Media English - Listening (1),전공,1,A01737102,2,2,목 9 10 (1403),26,30,"원어, 대면"
Media English - Listening (1),전공,1,A01737103,2,2,월 3 4 (3406),26,30,대면
Media English - Reading (1),전공,1,A01738101,2,2,화 3 4 (0117),16,30,"원어, 대면"
Media English - Reading (1),전공,1,A01738102,2,2,월 5 6 (0117),18,30,"원어, 대면"
Media English - Reading (1),전공,1,A01738103,2,2,화 5 6 (0117),22,30,"원어, 대면"
고급영어문법(1),전공,1,A01127301,2,2,화 3 4 ( ),37,60,"전필, 비대면(학기 전체), 16학번부터 전필. 영어대교류(이중,부전공자는 교류 불가)"
고급영어문법(1),전공,1,A01127302,2,2,금 1 2 ( ),72,60,"전필, 비대면(학기 전체), 16학번부터 전필. 영어대교류(이중,부전공자는 교류 불가)"
고급영어문법(1),전공,1,A01127303,2,2,월 3 4 ( ),65,60,"전필, 비대면(학기 전체), 16학번부터 전필. 영어대교류(이중,부전공자는 교류 불가)"
Becoming a Great Orator (1),전공,2,A01744301,2,2,목 9 10 (2408),12,20,"원어, 대면"
Becoming a Great Orator (1),전공,2,A01744302,2,2,목 1 2 (1205),6,20,"원어, 대면"
Critical Reading and Writing (1),전공,2,A01743301,2,2,월 3 4 (1206),12,30,"원어, 대면"
Critical Reading and Writing (1),전공,2,A01743302,2,2,수 3 4 (2207),8,30,"원어, 대면"
Critical Reading and Writing (1),전공,2,A01743304,2,2,월 7 8 (1206),19,30,"원어, 대면"
미국의이해,전공,2,A01223301,2,2,월 5 6 ( ),44,60,"원어, 비대면(학기 전체), 영어대교류(부전공자는 교류 불가)."
영어데이터처리를위한프로그래밍(1),전공,2,A10201101,3,3,목 1 2 3 (1206),33,31,"대면, BLS트랙 과목, 1전공 우선수강"
영어데이터처리를위한프로그래밍(1),전공,2,A10201102,3,3,목 4 5 6 (1206),37,30,"대면, BLS트랙 과목, 1전공 우선수강"
영어학개론(1),전공,2,A01121001,3,3,금 1 2 3 ( ),59,60,"전필, 비대면(학기 전체), 16학번부터 전필. 영어대교류(이중,부전공자는 교류 불가)"
영어학개론(1),전공,2,A01121004,3,3,목 7 8 9 ( ),70,60,"전필, 비대면(학기 전체), 16학번부터 전필. 영어대교류(이중,부전공자는 교류 불가)"
영어학개론(1),전공,2,A01121005,3,3,목 1 2 3 ( ),20,60,"전필, 비대면(학기 전체), 16학번부터 전필. 영어대교류(이중,부전공자는 교류 불가)"
Debating in English (1),전공,3,A01746301,2,2,화 5 6 (2401),11,20,"원어, 대면"
Debating in English (1),전공,3,A01746302,2,2,금 7 8 (01202),7,20,"원어, 대면"
Journalism Reading and Writing (1),전공,3,A01745301,2,2,금 9 10 (1206),16,30,"원어, 대면"
Journalism Reading and Writing (1),전공,3,A01745302,2,2,목 7 8 (1206),9,30,"원어, 대면"
영.한비교언어학,전공,3,A01492201,3,3,(),71,60,"온라인, 비대면(학기 전체), 영어대교류(부전공자는 교류 불가)."
영어구문론,전공,3,A01305901,3,3,수 1 2 3 ( ),21,60,"원어, 비대면(학기 전체), 영어대교류(이중,부전공자는 교류 불가)"
영어구문론,전공,3,A01305902,3,3,화 1 2 3 ( ),21,60,"비대면(학기 전체), 영어대교류(이중,부전공자는 교류 불가)"
영어데이터분석을위한통계(1),전공,3,A10301101,3,3,금 4 5 6 (2408),37,32,"대면, BLS트랙 과목"
영어음성학,전공,3,E01208501,3,3,화 7 8 9 (1503),23,30,"대면, 영어대교류(이중,부전공자는 교류 불가). BLS트랙 과목"
영어음성학,전공,3,E01208502,3,3,목 7 8 9 (0117),36,31,"대면, 영어대교류(이중,부전공자는 교류 불가). BLS트랙 과목"
영어형태론,전공,3,A01485201,3,3,수 4 5 6 ( ),49,60,"비대면(학기 전체), 영어대교류(이중,부전공자는 교류 불가)"
Business Communication (1),전공,4,A01748201,2,2,목 7 8 (2401),7,20,"원어, 대면"
Research Writing (1),전공,4,A01747201,2,2,화 1 2 (2502),3,20,"원어, 대면"
Research Writing (1),전공,4,A01747202,2,2,수 7 8 (0117),10,20,"원어, 대면"
영어와데이터베이스,전공,4,A10404101,3,3,목 4 5 6 (1503),30,30,"대면, BLS트랙 과목."
Critical Writing(General 1),이중(부)전공,2,A01740104,2,2,화 3 4 (2201),19,20,"전필, 원어, 대면, 이중(부) 전공 전용. 18학번부터 전필"
Critical Writing(General 1),이중(부)전공,2,A01740105,2,2,금 1 2 (1206),7,20,"전필, 원어, 대면, 이중(부) 전공 전용. 18학번부터 전필"
Critical Writing(General 1),이중(부)전공,2,A01740106,2,2,월 1 2 (1206),5,20,"전필, 원어, 대면, 이중(부) 전공 전용. 18학번부터 전필"
Intensive Reading (1),이중(부)전공,2,A01739104,2,2,금 5 6 (2210),31,30,"대면, 이중(부) 전공 전용"
Intensive Reading (1),이중(부)전공,2,A01739105,2,2,수 5 6 (1204),5,30,"대면, 이중(부) 전공 전용"
Interacting in Spoken English (1),이중(부)전공,2,A01742104,2,2,화 5 6 (2403),9,20,"원어, 대면, 이중(부) 전공 전용"
Interacting in Spoken English (1),이중(부)전공,2,A01742105,2,2,목 3 4 (2203),12,20,"원어, 대면, 이중(부) 전공 전용"
Media English - Listening (1),이중(부)전공,2,A01737104,2,2,월 7 8 (3202),13,30,"대면, 이중(부) 전공 전용"
Media English - Listening (1),이중(부)전공,2,A01737105,2,2,월 5 6 (3202),10,30,"대면, 이중(부) 전공 전용"
Media English - Reading (1),이중(부)전공,2,A01738104,2,2,금 3 4 (3507),24,30,"대면, 이중(부) 전공 전용"
Media English - Reading (1),이중(부)전공,2,A01738105,2,2,수 1 2 (1306),5,30,"대면, 이중(부) 전공 전용"
고급영어문법(1),이중(부)전공,2,A01127304,2,2,목 5 6 ( ),32,60,"전필, 비대면(학기 전체), 이중(부) 전공 전용. 영어대교류(1전공,부전공자는 교류불가). 16학번부터 전필"
고급영어문법(1),이중(부)전공,2,A01127305,2,2,수 9 10 ( ),17,60,"전필, 비대면(학기 전체), 이중(부) 전공 전용. 영어대교류(1전공,부전공자는 교류불가). 16학번부터 전필"
Becoming a Great Orator (1),이중(부)전공,3,A01744303,2,2,금 7 8 (3404),5,20,"원어, 대면, 이중(부) 전공 전용"
Becoming a Great Orator (1),이중(부)전공,3,A01744304,2,2,목 3 4 (1205),3,20,"원어, 대면, 이중(부) 전공 전용"
Critical Reading and Writing (1),이중(부)전공,3,A01743303,2,2,수 1 2 (2207),3,30,"원어, 대면, 이중(부) 전공 전용"
영어학개론(1),이중(부)전공,3,A01121002,3,3,수 7 8 9 ( ),47,60,"전필, 비대면(학기 전체), 이중(부) 전공 전용. 영어대교류(1전공,부전공자는 교류불가). 16학번부터 전필"
영어학개론(1),이중(부)전공,3,A01121003,3,3,금 4 5 6 ( ),14,60,"전필, 비대면(학기 전체), 이중(부) 전공 전용. 영어대교류(1전공,부전공자는 교류불가). 16학번부터 전필"
Business Communication (1),이중(부)전공,4,A01748203,2,2,수 7 8 (1409),5,20,"원어, 대면, 이중(부) 전공 전용"
Debating in English (1),이중(부)전공,4,A01746303,2,2,목 5 6 (2404),6,20,"원어, 대면, 이중(부) 전공 전용"
Journalism Reading and Writing (1),이중(부)전공,4,A01745303,2,2,월 9 10 (1206),5,30,"원어, 대면, 이중(부) 전공 전용"
Research Writing (1),이중(부)전공,4,A01747203,2,2,월 1 2 (2404),3,20,"원어, 대면, 이중(부) 전공 전용"
영어구문론,이중(부)전공,4,A01305904,3,3,수 4 5 6 ( ),38,60,"비대면(학기 전체), 이중(부) 전공 전용. 영어대교류(1전공,부전공자는 교류불가)."
영어음성학,이중(부)전공,4,E01208503,3,3,화 1 2 3 (1503),15,30,"대면, 이중(부) 전공 전용. 영어대교류(1전공,부전공자는 교류불가). BLS트랙 과목"
영어형태론,이중(부)전공,4,A01485202,3,3,화 7 8 9 ( ),15,60,"비대면(학기 전체), 이중(부) 전공 전용. 영어대교류(1전공,부전공자는 교류불가)."
영화로보는유럽사회와문화,이중(제2),2,A22056101,2,2,월 3 4 ( ),17,50,비대면(학기 전체)
유럽디지털정책과거버넌스,이중(제2),2,A22015701,2,2,화 5 6 ( ),8,50,"원어, 비대면(학기 전체)"
유럽학입문,이중(제2),2,A22204301,2,2,수 1 2 ( ),30,60,"전필, Team Teaching, 비대면(학기 전체)"
중동부유럽이슈세미나,이중(제2),2,A22055101,2,2,수 5 6 ( ),9,50,비대면(학기 전체)
유럽속의 K-Culture,이중(제2),3,A22041101,2,2,화 1 2 ( ),6,50,비대면(학기 전체)
유럽연합의경제정책과유로존,이중(제2),3,A22022601,2,2,목 5 6 ( ),8,50,비대면(학기 전체)
중동부유럽시민권과문화정치,이중(제2),3,A22057101,2,2,화 7 8 ( ),10,60,"원어, Team Teaching, 비대면(학기 전체)"
Soft Power로서의 EU,이중(제2),4,A22019301,2,2,목 3 4 (3509),4,40,"원어, 대면"
유럽과극지정책세미나,이중(제2),4,A22044101,2,2,목 7 8 ( ),3,50,비대면(학기 전체)
한국과유럽의관계와미래,이중(제2),4,A22010301,2,2,화 3 4 ( ),4,50,"원어, 비대면(학기 전체)"
고급프랑스어글쓰기(1),전공,3,A02515101,2,2,금 3 4 (1508),15,15,대면
고급프랑스어텍스트강독(1),전공,3,A02514101,2,2,목 1 2 (3503),16,30,대면
고급프랑스어회화(1),전공,3,A02389401,2,2,수 1 2 (2210),7,30,대면
프랑스어주제발표와토론,전공,3,A02516101,2,2,금 1 2 (2405),10,15,대면
한불통번역입문,전공,3,N02454301,2,2,월 1 2 (3504),7,20,대면
프랑스문화콘텐츠번역실습,전공,4,A02517101,2,2,수 5 6 (2210),16,30,대면
프랑스정치경제번역실습,전공,4,A02518101,2,2,화 1 2 (2506),11,30,대면
한국어교육입문,전공,1,H01106201,3,3,화 7 8 9 ( ),8,45,"전필, 비대면(학기 전체), 외국인만 수강 가능"
한국어교육입문,전공,1,H01106202,3,3,목 10 11 12 ( ),8,51,"전필, 비대면(학기 전체), 외국인만 수강 가능"
한국어문법기초,전공,1,H01105201,3,3,금 1 2 3 (3306),4,40,"대면, 외국인만 수강 가능"
한국어문법기초,전공,1,H01105202,3,3,수 1 2 3 (6105),17,40,"대면, 외국인만 수강 가능"
한국어발음이해,전공,1,H01102201,3,3,수 4 5 6 (3204),15,40,"대면, 외국인만 수강 가능/중외통 교류 과목"
한국어발음이해,전공,1,H01102202,3,3,목 4 5 6 (2409),12,40,"대면, 외국인만 수강 가능/중외통 교류 과목"
한국어번역글쓰기I,전공,1,H01103301,3,3,월 4 5 6 (2605),7,30,"대면, 외국인만 수강 가능/중외통 교류 과목"
한국어번역글쓰기I,전공,1,H01103302,3,3,월 7 8 9 (2604),12,30,"대면, 외국인만 수강 가능/중외통 교류 과목"
한국어번역글쓰기I,전공,1,H01103303,3,3,수 7 8 9 (3509),4,30,"대면, 외국인만 수강 가능/중외통 교류 과목"
한국어번역글쓰기I,전공,1,H01103304,3,3,월 10 11 12 (1203),5,30,"대면, 외국인만 수강 가능/중외통 교류 과목"
한국어번역글쓰기II,전공,1,H01104201,3,3,월 1 2 3 (1507),2,30,"대면, '한국어번역글쓰기1'수강한 학생만 수강 가능"
한국어번역글쓰기II,전공,1,H01104202,3,3,수 1 2 3 (2506),4,30,"대면, '한국어번역글쓰기1'수강한 학생만 수강 가능"
한국어번역글쓰기II,전공,1,H01104203,3,3,목 1 2 3 (1405),4,30,"대면, '한국어번역글쓰기1'수강한 학생만 수강 가능"
한국어통번역입문,전공,1,H01107201,3,3,금 4 5 6 ( ),11,45,"전필, 비대면(학기 전체), 외국인만 수강 가능"
한국어통번역입문,전공,1,H01107202,3,3,수 10 11 12 ( ),14,52,"전필, 비대면(학기 전체), 외국인만 수강 가능"
한국어학개론,전공,1,H01101201,3,3,화 4 5 6 (3204),16,40,"대면, 외국인만 수강 가능/중외통 교류 과목"
한국어학개론,전공,1,H01101202,3,3,금 7 8 9 ( ),5,60,"비대면(학기 전체), 외국인만 수강 가능/중외통 교류 과목"
경제학I,전공,2,C01171101,2,2,금 7 8 (2509),36,30,대면
국제관계세미나,전공,2,C01192201,2,2,수 7 8 (3207),28,30,"전필, 원어, 대면"
국제관계이론,전공,2,C01199101,2,2,수 3 4 (3501),30,30,대면
국제법I,전공,2,C01322301,2,2,금 3 4 (3206),41,40,대면
국제정치경제학,전공,2,C01193101,2,2,화 5 6 ( ),57,48,"전필, 비대면(학기 전체)"
사회과학분석I,전공,2,C01186301,3,3,월 1 2 3 (3304),12,40,대면
유엔과한국외교,전공,2,C01160101,2,2,월 7 8 (0328),5,20,"원어, 대면"
제2외국어(스페인어)III,전공,2,C01133101,2,2,목 9 10 (3303),9,30,"전필, 대면"
제2외국어(스페인어)III,전공,2,C01133102,2,2,화 9 10 (3503),21,30,"전필, 대면"
제2외국어(프랑스어)III,전공,2,C01123101,2,2,수 5 6 (1306),17,20,"전필, 대면"
21세기국제관계의이슈와쟁점,전공,3,C01114101,2,2,목 3 4 (1307),19,30,대면
국제관계연습I,전공,3,C01197101,2,2,수 3 4 (1307),30,30,"전필, 대면"
국제법실전I,전공,3,C01194101,2,2,목 5 6 (3304),13,20,대면
국제법이슈세미나,전공,3,C01183101,2,2,화 7 8 (1202),8,20,"원어, 대면"
근대외교사,전공,3,C01172101,2,2,화 3 4 (3507),21,30,대면
글로벌공공외교사례연구특강,전공,3,C01119201,2,2,목 7 8 (3501),33,31,대면
제2외국어(스페인어)V,전공,3,C01135101,2,2,월 1 2 (1203),15,30,"전필, 대면"
제2외국어(프랑스어)V,전공,3,C01125101,2,2,월 5 6 (3402),16,20,"전필, 대면"
해양법및국제공역,전공,3,C01196101,2,2,화 5 6 (3207),13,30,대면
경제학실전I,전공,4,C01200101,2,2,목 9 10 (3503),11,30,대면
동북아안보세미나,전공,4,C01184101,2,2,화 7 8 (0115),2,20,"원어, 대면"
중국국제관계,전공,4,C05232101,2,2,수 7 8 (2402),10,20,대면
국제관계개론,전공,1,C01191301,3,3,월 4 5 6 ( ),59,54,"전필, 원어, 비대면(학기 전체)"
국제법개론,전공,1,C01163401,3,3,목 7 8 9 ( ),72,67,"전필, 비대면(학기 전체)"
외교의이해,전공,1,C01165101,2,2,수 3 4 ( ),60,50,비대면(학기 전체)
제2외국어(스페인어)I,전공,1,C01131101,2,2,화 1 2 (3307),40,32,"전필, 대면"
제2외국어(프랑스어)I,전공,1,C01121101,2,2,수 1 2 (0118),38,35,"전필, 대면"
국제경제학(1): 국제무역,전공,2,D01507201,3,3,화 1 2 3 (3501),34,35,"원어, 대면"
국제협상과실무,전공,2,D01500201,3,3,목 4 5 6 (3207),23,30,대면
금융원리,전공,2,D01489201,3,3,월 1 2 3 (3207),25,30,"원어, 대면"
제2외국어(3):중국어,전공,2,D01508101,2,2,금 3 4 (2605),30,30,"전필, 대면"
무역과국제개발,전공,3,D01502201,3,3,목 7 8 9 (3407),22,30,대면
자본시장론,전공,3,D01503301,3,3,수 10 11 12 (3207),7,30,대면
제2외국어(5):중국어,전공,3,D01512101,2,2,금 7 8 (2201),12,30,"전필, 대면"
화폐와금융,전공,3,D01510201,3,3,화 7 8 9 (3409),20,30,대면
국제금융과통상을위한데이터분석,전공,4,D01514101,3,3,목 1 2 3 (3305),11,30,"Team Teaching, 대면"
금융연구세미나,전공,4,D04401201,3,3,수 7 8 9 (3305),6,30,대면
경제학원론(1),전공,1,C01104701,3,3,월 4 5 6 (3106),37,37,"전필, 원어, 대면"
국제경영,전공,1,D01497301,3,3,금 7 8 9 (3409),10,30,"원어, 대면"
국제관계와국제법,전공,1,D01504301,3,3,목 4 5 6 (1306),9,30,"원어, 대면"
제2외국어(1):중국어,전공,1,D01505101,2,2,금 1 2 (2605),27,30,"전필, 대면"
경영통계학,전공,1,D03103101,3,3,금 1 2 3 ( ),74,60,"전필, 비대면(학기 전체), 22학번 우선수강(신청기간 22학번만/변경기간 학부 홈페이지 참고)"
경영통계학,전공,1,D03103102,3,3,금 7 8 9 ( ),68,60,"전필, 비대면(학기 전체), 1전공자 우선수강(신청기간 1전공만/변경기간 학부 홈페이지 참고)"
경영통계학,전공,1,D03103103,3,3,목 1 2 3 ( ),71,60,"전필, 비대면(학기 전체), 1전공자 우선수강(신청기간 1전공만/변경기간 학부 홈페이지 참고)"
경영통계학,전공,1,D03103104,3,3,화 1 2 3 ( ),45,50,"전필, 원어, 비대면(학기 전체), 22학번 우선수강(신청기간 22학번만/변경기간 학부 홈페이지 참고)"
경영통계학,전공,1,D03103105,3,3,금 4 5 6 ( ),73,60,"전필, 비대면(학기 전체), 22학번 우선수강(신청기간 22학번만/변경기간 학부 홈페이지 참고)"
경영학원론,전공,1,D01203301,3,3,월 7 8 9 ( ),77,60,"전필, 비대면(학기 전체), 22학번 우선수강(신청기간 22학번만/변경기간 학부 홈페이지 참고)"
경영학원론,전공,1,D01203302,3,3,화 7 8 9 ( ),83,60,"전필, 비대면(학기 전체), 22학번 우선수강(신청기간 22학번만/변경기간 학부 홈페이지 참고)"
경영학원론,전공,1,D01203303,3,3,월 4 5 6 ( ),75,60,"전필, 비대면(학기 전체), 22학번 우선수강(신청기간 22학번만/변경기간 학부 홈페이지 참고)"
경영학원론,전공,1,D01203304,3,3,화 1 2 3 ( ),51,50,"전필, 원어, 비대면(학기 전체), 1전공자 우선수강(신청기간 1전공만/변경기간 학부 홈페이지 참고)"
경제학원론,전공,1,D01100101,3,3,목 1 2 3 ( ),26,50,"원어, 비대면(학기 전체), 1전공자 우선수강(신청기간 1전공만/변경기간 학부 홈페이지 참고)"
회계원리,전공,1,D01205601,3,3,화 1 2 3 ( ),64,60,"전필, 비대면(학기 전체), 1전공자 우선수강(신청기간 1전공만/변경기간 학부 홈페이지 참고)"
회계원리,전공,1,D01205602,3,3,월 1 2 3 ( ),77,60,"전필, 비대면(학기 전체), 1전공자 우선수강(신청기간 1전공만/변경기간 학부 홈페이지 참고)"
회계원리,전공,1,D01205603,3,3,화 4 5 6 ( ),47,50,"전필, 원어, 비대면(학기 전체), 1전공자 우선수강(신청기간 1전공만/변경기간 학부 홈페이지 참고)"
회계원리,전공,1,D01205604,3,3,수 1 2 3 ( ),68,50,"전필, 원어, 비대면(학기 전체), 1전공자 우선수강(신청기간 1전공만/변경기간 학부 홈페이지 참고)"
경영과학개론,전공,2,D03207501,3,3,목 7 8 9 ( ),45,60,"비대면(학기 전체), 1전공자 우선수강(신청기간 1전공만/변경기간 학부 홈페이지 참고)"
경영정보학개론,전공,2,P04205201,3,3,월 7 8 9 ( ),41,50,"전필, 원어, 비대면(학기 전체), 1전공자 우선수강(신청기간 1전공만/변경기간 학부 홈페이지 참고)"
경영정보학개론,전공,2,P04205202,3,3,목 1 2 3 ( ),27,50,"전필, 원어, 비대면(학기 전체), 1전공자 우선수강(신청기간 1전공만/변경기간 학부 홈페이지 참고)"
경영정보학개론,전공,2,P04205203,3,3,월 4 5 6 ( ),64,60,"전필, 비대면(학기 전체), 1전공자 우선수강(신청기간 1전공만/변경기간 학부 홈페이지 참고)"
경영정보학개론,전공,2,P04205204,3,3,수 7 8 9 ( ),61,60,"전필, 비대면(학기 전체), 1전공자 우선수강(신청기간 1전공만/변경기간 학부 홈페이지 참고)"
관계와소통의리더십,전공,2,D03504201,3,3,목 4 5 6 ( ),72,60,"비대면(학기 전체), 1전공자 우선수강(신청기간 1전공만/변경기간 학부 홈페이지 참고)"
국제경영론,전공,2,D01305103,3,3,수 4 5 6 ( ),5,50,"전필, 원어, 비대면(학기 전체), 1전공자 우선수강(신청기간 1전공만/변경기간 학부 홈페이지 참고)"
국제경영론,전공,2,D01305104,3,3,수 7 8 9 ( ),8,50,"전필, 원어, 비대면(학기 전체), 1전공자 우선수강(신청기간 1전공만/변경기간 학부 홈페이지 참고)"
국제경영론,전공,2,D01305105,3,3,월 4 5 6 ( ),64,60,"전필, 비대면(학기 전체), 1전공자 우선수강(신청기간 1전공만/변경기간 학부 홈페이지 참고)"
국제경영론,전공,2,D01305106,3,3,화 4 5 6 ( ),69,60,"전필, 비대면(학기 전체), 1전공자 우선수강(신청기간 1전공만/변경기간 학부 홈페이지 참고)"
기업법1,전공,2,D03208801,3,3,수 1 2 3 ( ),4,50,"원어, 비대면(학기 전체), 1전공자 우선수강(신청기간 1전공만/변경기간 학부 홈페이지 참고)"
마케팅관리,전공,2,D01405404,3,3,월 7 8 9 ( ),60,60,"전필, 비대면(학기 전체), 1전공자 전용 수강(신청/변경기간 1전공만)"
마케팅관리,전공,2,D01405405,3,3,수 4 5 6 ( ),63,60,"전필, 비대면(학기 전체), 1전공자 우선수강(신청기간 1전공만/변경기간 학부 홈페이지 참고)"
마케팅관리,전공,2,D01405406,3,3,수 4 5 6 ( ),30,50,"전필, 원어, 비대면(학기 전체), 1전공자 우선수강(신청기간 1전공만/변경기간 학부 홈페이지 참고)"
소비자행동,전공,2,D03473101,3,3,목 4 5 6 ( ),62,60,"비대면(학기 전체), 1전공자 우선수강(신청기간 1전공만/변경기간 학부 홈페이지 참고)"
소비자행동,전공,2,D03473102,3,3,목 7 8 9 ( ),69,60,"비대면(학기 전체), 1전공자 우선수강(신청기간 1전공만/변경기간 학부 홈페이지 참고)"
수리금융론,전공,2,D03201101,3,3,월 7 8 9 ( ),46,50,"비대면(학기 전체), 1전공자 우선수강(신청기간 1전공만/변경기간 학부 홈페이지 참고)"
수리금융론,전공,2,D03201102,3,3,화 4 5 6 ( ),59,60,"비대면(학기 전체), 이중전공, 1전공자 우선수강(신청기간 이중,1전공만/변경기간 학부 홈페이지 참고)"
운영관리,전공,2,D03210101,3,3,수 4 5 6 ( ),75,60,"전필, 비대면(학기 전체), 1전공자 우선수강(신청기간 1전공만/변경기간 학부 홈페이지 참고)"
운영관리,전공,2,D03210102,3,3,월 7 8 9 ( ),54,60,"전필, 비대면(학기 전체), 1전공자 우선수강(신청기간 1전공만/변경기간 학부 홈페이지 참고)"
운영관리,전공,2,D03210103,3,3,월 1 2 3 ( ),66,60,"전필, 비대면(학기 전체), 1전공자 우선수강(신청기간 1전공만/변경기간 학부 홈페이지 참고)"
운영관리,전공,2,D03210104,3,3,수 1 2 3 ( ),25,50,"전필, 원어, 비대면(학기 전체), 1전공자 우선수강(신청기간 1전공만/변경기간 학부 홈페이지 참고)"
원가회계,전공,2,D03313102,3,3,수 7 8 9 ( ),44,50,"원어, 비대면(학기 전체), 1전공자 우선수강(신청기간 1전공만/변경기간 학부 홈페이지 참고)"
인적자원관리,전공,2,D03382201,3,3,금 4 5 6 ( ),55,60,"비대면(학기 전체), 금456, 조민수 교수님 배정 예정(변경기간에 수강신청 학부 홈페이지 참고)"
인적자원관리,전공,2,D03382202,3,3,화 1 2 3 ( ),41,60,"비대면(학기 전체), 1전공자 우선수강(신청기간 1전공만/변경기간 학부 홈페이지 참고)"
인적자원관리,전공,2,D03382203,3,3,화 7 8 9 ( ),20,60,"비대면(학기 전체), 1전공자 우선수강(신청기간 1전공만/변경기간 학부 홈페이지 참고)"
재무관리,전공,2,D01311201,3,3,화 4 5 6 ( ),8,60,"전필, 비대면(학기 전체), 1전공자 우선수강(신청기간 1전공만/변경기간 학부 홈페이지 참고)"
재무관리,전공,2,D01311202,3,3,화 4 5 6 ( ),45,60,"전필, 비대면(학기 전체), 1전공자 우선수강(신청기간 1전공만/변경기간 학부 홈페이지 참고)"
재무관리,전공,2,D01311203,3,3,수 4 5 6 ( ),47,50,"전필, 원어, 비대면(학기 전체), 1전공자 우선수강(신청기간 1전공만/변경기간 학부 홈페이지 참고)"
재무관리,전공,2,D01311204,3,3,목 4 5 6 ( ),39,50,"전필, 원어, 비대면(학기 전체), 1전공자 우선수강(신청기간 1전공만/변경기간 학부 홈페이지 참고)"
재무관리,전공,2,D01311206,3,3,금 4 5 6 ( ),30,50,"전필, 원어, 비대면(학기 전체), 이중전공, 1전공자 우선수강(신청기간 이중,1전공만/변경기간 학부 홈페이지 참고)"
재무관리,전공,2,D01311207,3,3,금 7 8 9 ( ),58,60,"전필, 비대면(학기 전체), 1전공자 우선수강(신청기간 1전공만/변경기간 학부 홈페이지 참고)"
재무회계(1),전공,2,D03205504,3,3,목 1 2 3 ( ),57,50,"전필, 비대면(학기 전체), 1전공자 우선수강(신청기간 1전공만/변경기간 학부 홈페이지 참고)"
재무회계(1),전공,2,D03205505,3,3,금 4 5 6 ( ),57,60,"전필, 비대면(학기 전체), 1전공자 우선수강(신청기간 1전공만/변경기간 학부 홈페이지 참고)"
재무회계(1),전공,2,D03205506,3,3,금 7 8 9 ( ),52,60,"전필, 비대면(학기 전체), 1전공자 우선수강(신청기간 1전공만/변경기간 학부 홈페이지 참고)"
재무회계(1),전공,2,D03205507,3,3,목 7 8 9 ( ),55,60,"전필, 비대면(학기 전체), 1전공자 우선수강(신청기간 1전공만/변경기간 학부 홈페이지 참고)"
재무회계(1),전공,2,D03205508,3,3,화 4 5 6 ( ),69,60,"전필, 비대면(학기 전체), 1전공자 우선수강(신청기간 1전공만/변경기간 학부 홈페이지 참고)"
재무회계(1),전공,2,D03205509,3,3,월 4 5 6 ( ),5,50,"전필, 원어, 비대면(학기 전체), 1전공자 우선수강(신청기간 1전공만/변경기간 학부 홈페이지 참고)"
재무회계(2),전공,2,D03206501,3,3,목 4 5 6 ( ),60,60,"비대면(학기 전체), 1전공자 우선수강(신청기간 1전공만/변경기간 학부 홈페이지 참고)"
조직행동,전공,2,D01314101,3,3,화 4 5 6 ( ),61,60,"전필, 비대면(학기 전체), 1전공자 우선수강(신청기간 1전공만/변경기간 학부 홈페이지 참고)"
조직행동,전공,2,D01314102,3,3,수 1 2 3 ( ),59,60,"전필, 비대면(학기 전체), 1전공자 우선수강(신청기간 1전공만/변경기간 학부 홈페이지 참고)"
조직행동,전공,2,D01314103,3,3,수 4 5 6 ( ),34,60,"전필, 비대면(학기 전체), 1전공자 우선수강(신청기간 1전공만/변경기간 학부 홈페이지 참고)"
조직행동,전공,2,D01314104,3,3,화 4 5 6 ( ),45,50,"전필, 원어, 비대면(학기 전체), 화456 조민수 교수님 배정 예정(변경기간에 수강신청 학부 홈페이지 참고)"
고급회계,전공,3,D03462101,3,3,수 11 12 13 ( ),61,60,"비대면(학기 전체), 1전공자 우선수강(신청기간 1전공만/변경기간 학부 홈페이지 참고)"
국제마케팅,전공,3,D01406201,3,3,수 1 2 3 ( ),53,60,"비대면(학기 전체), 1전공자 우선수강(신청기간 1전공만/변경기간 학부 홈페이지 참고)"
국제마케팅,전공,3,D01406202,3,3,화 7 8 9 ( ),43,60,"비대면(학기 전체), 1전공자 우선수강(신청기간 1전공만/변경기간 학부 홈페이지 참고)"
글로벌공급사슬전략,전공,3,D03316201,3,3,수 4 5 6 ( ),65,60,"비대면(학기 전체), 1전공자 우선수강(신청기간 1전공만/변경기간 학부 홈페이지 참고)"
금융기관론,전공,3,D03465201,3,3,월 10 11 12 ( ),60,60,"비대면(학기 전체), 1전공자 우선수강(신청기간 1전공만/변경기간 학부 홈페이지 참고)"
기계학습,전공,3,D03329101,3,3,목 4 5 6 ( ),8,60,"비대면(학기 전체), 1전공자 우선수강(신청기간 1전공만/변경기간 학부 홈페이지 참고)"
기술경영 및 운영전략,전공,3,D01357201,3,3,화 7 8 9 ( ),65,60,"비대면(학기 전체), 1전공자 우선수강(신청기간 1전공만/변경기간 학부 홈페이지 참고)"
데이터베이스,전공,3,V44458201,3,3,금 4 5 6 ( ),68,60,"비대면(학기 전체), 1전공자 우선수강(신청기간 1전공만/변경기간 학부 홈페이지 참고)"
디지털마케팅,전공,3,D03514101,3,3,금 4 5 6 ( ),58,60,"비대면(학기 전체), 1전공자 우선수강(신청기간 1전공만/변경기간 학부 홈페이지 참고)"
미래경영학,전공,3,D03308201,3,3,월 1 2 3 ( ),61,60,"비대면(학기 전체), 1전공자 우선수강(신청기간 1전공만/변경기간 학부 홈페이지 참고)"
브랜드전략,전공,3,D03389101,3,3,화 4 5 6 ( ),36,50,"비대면(학기 전체), 1전공자 우선수강(신청기간 1전공만/변경기간 학부 홈페이지 참고)"
브랜드전략,전공,3,D03389102,3,3,월 7 8 9 ( ),47,60,"비대면(학기 전체), 1전공자 우선수강(신청기간 1전공만/변경기간 학부 홈페이지 참고)"
비즈니스프로그래밍II,전공,3,D03214201,3,3,목 7 8 9 ( ),9,60,"비대면(학기 전체), 1전공자 우선수강(신청기간 1전공만/변경기간 학부 홈페이지 참고)"
세무회계(1),전공,3,D03384201,3,3,월 7 8 9 ( ),56,60,"비대면(학기 전체), 1전공자 우선수강(신청기간 1전공만/변경기간 학부 홈페이지 참고)"
소셜미디어애널리틱스,전공,3,D03325101,3,3,목 1 2 3 ( ),30,60,"비대면(학기 전체), 1전공자 우선수강(신청기간 1전공만/변경기간 학부 홈페이지 참고)"
운영계획및통제,전공,3,D03466101,3,3,목 4 5 6 ( ),49,60,"비대면(학기 전체), 1전공자 우선수강(신청기간 1전공만/변경기간 학부 홈페이지 참고)"
전략경영,전공,3,D03493401,3,3,수 1 2 3 ( ),0,50,"원어, 비대면(학기 전체), 1전공자 우선수강(신청기간 1전공만/변경기간 학부 홈페이지 참고)"
전략경영,전공,3,D03493402,3,3,수 4 5 6 ( ),37,60,"비대면(학기 전체), 1전공자 우선수강(신청기간 1전공만/변경기간 학부 홈페이지 참고)"
증권분석론,전공,3,P01456201,3,3,목 10 11 12 ( ),42,60,"비대면(학기 전체), 1전공자 우선수강(신청기간 1전공만/변경기간 학부 홈페이지 참고)"
국제무역이슈와실제,전공,4,D03418501,3,3,월 4 5 6 ( ),65,60,"비대면(학기 전체), 1전공자 우선수강(신청기간 1전공만/변경기간 학부 홈페이지 참고)"
글로벌경영환경분석,전공,4,D03467601,3,3,금 7 8 9 ( ),39,60,"비대면(학기 전체), 1전공자 우선수강(신청기간 1전공만/변경기간 학부 홈페이지 참고)"
글로벌지역마케팅,전공,4,D01204101,3,3,수 1 2 3 ( ),10,50,"원어, 비대면(학기 전체), 1전공자 우선수강(신청기간 1전공만/변경기간 학부 홈페이지 참고)"
기업재무전략,전공,4,V33464701,3,3,월 7 8 9 ( ),62,60,"비대면(학기 전체), 이중전공, 1전공자 우선수강(신청기간 이중,1전공만/변경기간 학부 홈페이지 참고)"
기업재무전략,전공,4,V33464702,3,3,화 7 8 9 ( ),51,60,"비대면(학기 전체), 1전공자 우선수강(신청기간 1전공만/변경기간 학부 홈페이지 참고)"
기업지배구조,전공,4,D03505201,3,3,수 7 8 9 ( ),16,60,"비대면(학기 전체), 1전공자 우선수강(신청기간 1전공만/변경기간 학부 홈페이지 참고)"
외환론,전공,4,D01403101,3,3,목 7 8 9 ( ),54,60,"비대면(학기 전체), 1전공자 우선수강(신청기간 1전공만/변경기간 학부 홈페이지 참고)"
재무제표분석,전공,4,D03500101,3,3,화 7 8 9 ( ),32,50,"비대면(학기 전체), 1전공자 우선수강(신청기간 1전공만/변경기간 학부 홈페이지 참고)"
프로젝트관리론,전공,4,D03322101,3,3,금 1 2 3 ( ),21,60,"비대면(학기 전체), 1전공자 우선수강(신청기간 1전공만/변경기간 학부 홈페이지 참고)"
회계사례분석,전공,4,D10407101,3,3,목 10 11 12 ( ),14,60,"비대면(학기 전체), 1전공자 우선수강(신청기간 1전공만/변경기간 학부 홈페이지 참고)"
경영정보학개론,이중(부)전공,3,P04205205,3,3,월 1 2 3 ( ),26,50,"전필, 원어, 비대면(학기 전체), 이중전공, 1전공자 우선수강(신청기간 이중,1전공만/변경기간 학부 홈페이지 참고)"
경영정보학개론,이중(부)전공,3,P04205206,3,3,화 7 8 9 ( ),82,60,"전필, 비대면(학기 전체), 이중전공, 1전공자 우선수강(신청기간 이중,1전공만/변경기간 학부 홈페이지 참고)"
국제경영론,이중(부)전공,3,D01305101,3,3,금 1 2 3 ( ),60,50,"전필, 비대면(학기 전체), 이중전공, 1전공자 우선수강(신청기간 이중,1전공만/변경기간 학부 홈페이지 참고)"
국제경영론,이중(부)전공,3,D01305102,3,3,금 7 8 9 ( ),62,60,"전필, 비대면(학기 전체), 이중전공, 1전공자 우선수강(신청기간 이중,1전공만/변경기간 학부 홈페이지 참고)"
기업법2,이중(부)전공,3,D03213101,3,3,목 7 8 9 ( ),4,50,"원어, 비대면(학기 전체), 이중전공, 1전공자 우선수강(신청기간 이중,1전공만/변경기간 학부 홈페이지 참고)"
마케팅관리,이중(부)전공,3,D01405401,3,3,수 7 8 9 ( ),12,50,"전필, 원어, 비대면(학기 전체), 이중전공, 1전공자 우선수강(신청기간 이중,1전공만/변경기간 학부 홈페이지 참고)"
마케팅관리,이중(부)전공,3,D01405402,3,3,화 7 8 9 ( ),36,50,"전필, 원어, 비대면(학기 전체), 이중전공, 1전공자 우선수강(신청기간 이중,1전공만/변경기간 학부 홈페이지 참고)"
마케팅관리,이중(부)전공,3,D01405403,3,3,화 4 5 6 ( ),67,60,"전필, 비대면(학기 전체), 이중전공, 1전공자 우선수강(신청기간 이중,1전공만/변경기간 학부 홈페이지 참고)"
운영관리,이중(부)전공,3,D03210105,3,3,목 1 2 3 ( ),69,60,"전필, 비대면(학기 전체), 이중전공, 1전공자 우선수강(신청기간 이중,1전공만/변경기간 학부 홈페이지 참고)"
원가회계,이중(부)전공,4,D03313101,3,3,수 4 5 6 ( ),38,50,"원어, 비대면(학기 전체), 이중전공, 1전공자 우선수강(신청기간 이중,1전공만/변경기간 학부 홈페이지 참고)"
재무회계(1),이중(부)전공,3,D03205501,3,3,화 7 8 9 ( ),61,60,"전필, 비대면(학기 전체), 이중전공, 1전공자 우선수강(신청기간 이중,1전공만/변경기간 학부 홈페이지 참고)"
재무회계(1),이중(부)전공,3,D03205502,3,3,목 4 5 6 ( ),65,60,"전필, 비대면(학기 전체), 이중전공, 1전공자 우선수강(신청기간 이중,1전공만/변경기간 학부 홈페이지 참고)"
재무회계(1),이중(부)전공,3,D03205503,3,3,월 7 8 9 ( ),2,60,"전필, 원어, 비대면(학기 전체), 이중전공, 1전공자 우선수강(신청기간 이중,1전공만/변경기간 학부 홈페이지 참고)"
조직행동,이중(부)전공,3,D01314105,3,3,월 1 2 3 ( ),58,60,"전필, 비대면(학기 전체), 이중전공, 1전공자 우선수강(신청기간 이중,1전공만/변경기간 학부 홈페이지 참고)"
회계원리,이중(부)전공,3,D01205C01,3,3,수 1 2 3 ( ),79,60,"전필, 비대면(학기 전체), 이중전공, 1전공자 우선수강(신청기간 이중,1전공만/변경기간 학부 홈페이지 참고)"
회계원리,이중(부)전공,3,D01205C02,3,3,화 4 5 6 ( ),38,60,"전필, 원어, 비대면(학기 전체), 이중전공, 1전공자 우선수강(신청기간 이중,1전공만/변경기간 학부 홈페이지 참고)"
경제수학,전공,1,D02103101,3,3,월 1 2 3 ( ),70,70,"비대면(학기 전체), 1전공자만 수강 가능"
경제수학,전공,1,D02103102,3,3,금 1 2 3 ( ),75,66,"비대면(학기 전체), 1전공자만 수강 가능"
경제학원론(1),전공,1,D01101401,3,3,화 4 5 6 ( ),83,70,"전필, 비대면(학기 전체), 1전공자만 수강 가능"
경제학원론(1),전공,1,D01101402,3,3,월 7 8 9 ( ),65,60,"전필, 비대면(학기 전체), 1전공자만 수강 가능"
거시경제학,전공,2,D03310101,3,3,수 7 8 9 ( ),48,60,"전필, 비대면(학기 전체), 1전공자만 수강 가능"
거시경제학,전공,2,D03310102,3,3,금 4 5 6 ( ),65,60,"전필, 비대면(학기 전체), 1전공자만 수강 가능"
경제사,전공,2,D02203101,3,3,월 7 8 9 ( ),93,100,"비대면(학기 전체), 1전공자만 수강 가능"
계량경제학,전공,2,D02354201,3,3,화 1 2 3 ( ),147,150,비대면(학기 전체)
미시경제학,전공,2,D02207101,3,3,화 4 5 6 ( ),37,50,"전필, 비대면(학기 전체), 1전공자만 수강 가능"
미시경제학,전공,2,D02207102,3,3,목 1 2 3 ( ),66,60,"전필, 비대면(학기 전체), 1전공자만 수강 가능"
개발협력의경제학,전공,3,D02313101,3,3,수 1 2 3 ( ),98,100,비대면(학기 전체)
게임이론,전공,3,D01386101,3,3,화 4 5 6 ( ),70,70,"비대면(학기 전체), 1전공자만 수강 가능"
국제금융론,전공,3,D01304501,3,3,월 1 2 3 ( ),52,60,"비대면(학기 전체), 1전공자만 수강 가능"
화폐금융론,전공,3,D02204202,3,3,수 4 5 6 ( ),43,60,"비대면(학기 전체), 1전공자만 수강 가능"
공공경제학,전공,4,D02363102,3,3,목 7 8 9 ( ),43,60,"비대면(학기 전체), 1전공자만 수강 가능"
금융투자론,전공,4,D02465101,3,3,월 4 5 6 ( ),29,50,비대면(학기 전체)
노동경제학,전공,4,D02407201,3,3,화 7 8 9 ( ),92,100,비대면(학기 전체)
정보통신경제학,전공,4,D02307102,3,3,화 7 8 9 ( ),39,60,비대면(학기 전체)
한국경제론,전공,4,D02401201,3,3,화 1 2 3 ( ),39,50,"비대면(학기 전체), 1전공자만 수강 가능"
거시경제학,이중(부)전공,3,D03310103,3,3,월 7 8 9 ( ),57,60,"전필, 비대면(학기 전체), 1전공자 수강 불가"
거시경제학,이중(부)전공,3,D03310104,3,3,수 4 5 6 ( ),78,60,"전필, 비대면(학기 전체), 1전공자 수강 불가"
거시경제학,이중(부)전공,3,D03310105,3,3,목 7 8 9 ( ),44,60,"전필, 비대면(학기 전체), 1전공자 수강 불가"
거시경제학,이중(부)전공,3,D03310106,3,3,금 7 8 9 ( ),59,60,"전필, 비대면(학기 전체), 1전공자 수강 불가"
경제사,이중(부)전공,3,D02203102,3,3,화 7 8 9 ( ),139,150,"비대면(학기 전체), 1전공자 수강 불가"
경제수학,이중(부)전공,2,D02103103,3,3,금 7 8 9 ( ),98,71,"비대면(학기 전체), 1전공자 수강 불가"
경제수학,이중(부)전공,2,D02103104,3,3,목 4 5 6 ( ),77,70,"비대면(학기 전체), 1전공자 수강 불가"
경제수학,이중(부)전공,2,D02103105,3,3,월 4 5 6 ( ),78,70,"비대면(학기 전체), 1전공자 수강 불가"
경제학원론(1),이중(부)전공,2,D01101001,3,3,월 1 2 3 ( ),120,82,"전필, 비대면(학기 전체), 1전공자 수강 불가"
경제학원론(1),이중(부)전공,2,D01101002,3,3,수 1 2 3 ( ),70,70,"전필, 비대면(학기 전체), 1전공자 수강 불가"
경제학원론(1),이중(부)전공,2,D01101003,3,3,수 7 8 9 ( ),68,70,"전필, 비대면(학기 전체), 1전공자 수강 불가"
경제학원론(1),이중(부)전공,2,D01101004,3,3,목 1 2 3 ( ),87,70,"전필, 비대면(학기 전체), 1전공자 수강 불가"
경제학원론(2),이중(부)전공,2,D01102001,3,3,월 7 8 9 ( ),44,50,"전필, 비대면(학기 전체)"
계량경제학,이중(부)전공,3,D02354202,3,3,수 1 2 3 ( ),141,150,비대면(학기 전체)
미시경제학,이중(부)전공,3,D02207103,3,3,목 1 2 3 ( ),80,70,"전필, 비대면(학기 전체), 1전공자 수강 불가"
미시경제학,이중(부)전공,3,D02207104,3,3,목 4 5 6 ( ),76,70,"전필, 비대면(학기 전체), 1전공자 수강 불가"
미시경제학,이중(부)전공,3,D02207105,3,3,금 1 2 3 ( ),85,70,"전필, 비대면(학기 전체), 1전공자 수강 불가"
미시경제학,이중(부)전공,3,D02207106,3,3,월 4 5 6 ( ),54,60,"전필, 비대면(학기 전체), 1전공자 수강 불가"
게임이론,이중(부)전공,4,D01386102,3,3,수 4 5 6 ( ),78,85,"비대면(학기 전체), 1전공자 수강 불가"
국제금융론,이중(부)전공,4,D01304502,3,3,화 1 2 3 ( ),67,70,"비대면(학기 전체), 1전공자 수강 불가"
화폐금융론,이중(부)전공,4,D02204201,3,3,화 4 5 6 ( ),77,70,"비대면(학기 전체), 1전공자 수강 불가"
공공경제학,이중(부)전공,4,D02363101,3,3,목 4 5 6 ( ),90,100,"비대면(학기 전체), 1전공자 수강 불가"
정보통신경제학,이중(부)전공,4,D02307101,3,3,수 7 8 9 ( ),78,70,"비대면(학기 전체), 1전공자 수강 불가"
P.R의이해,전공,2,C03303101,3,3,월 4 5 6 ( ),77,67,"전필, 비대면(학기 전체)"
광고의이해,전공,2,C03301101,3,3,금 4 5 6 ( ),18,60,"전필, 비대면(학기 전체)"
광고의이해,전공,2,C03301102,3,3,금 7 8 9 ( ),71,66,"전필, 비대면(학기 전체)"
PR조사기획,전공,3,C03381201,3,3,월 7 8 9 ( ),50,60,비대면(학기 전체)
브랜드사례연구,전공,3,C04306201,3,3,화 4 5 6 ( ),66,61,비대면(학기 전체)
소비자행동론,전공,3,D03451301,3,3,수 1 2 3 ( ),69,60,비대면(학기 전체)
공공브랜딩,전공,4,C03489101,3,3,수 7 8 9 ( ),49,60,비대면(학기 전체)
"국가브랜드,국가이미지",전공,4,C03217101,3,3,화 7 8 9 ( ),46,60,비대면(학기 전체)
쟁점· 위기커뮤니케이션관리,전공,4,C03490201,3,3,수 4 5 6 ( ),32,60,비대면(학기 전체)
외국어교과교육론,부전공,3,V43201201,3,3,월 1 2 3 (2502),11,25,대면
외국어교재연구및지도법,부전공,3,V43203201,3,3,목 1 2 3 (2401),11,25,대면
외국어논리및논술,부전공,3,V43501101,2,2,금 1 2 (2401),14,25,대면
교육봉사,교직,2,V43254101,2,2,월 1 2 ( ),64,80,비대면(학기 전체)
교육심리,교직,2,E11301101,2,2,목 1 2 (1502),34,30,대면
교육심리,교직,2,E11301102,2,2,목 3 4 (1502),33,30,대면
교육철학및교육사,교직,2,E11202101,2,2,월 7 8 (1604),31,30,대면
교육철학및교육사,교직,2,E11202102,2,2,월 9 10 (1604),19,30,대면
인간과교육,교직,2,E11205101,2,2,월 5 6 (1203),33,30,대면
인간과교육,교직,2,E11205102,2,2,수 5 6 (2403),35,30,대면
교육과정,교직,3,V43407301,2,2,화 5 6 (3307),33,30,대면
교육과정,교직,3,V43407302,2,2,화 3 4 (3307),31,30,대면
교육방법및교육공학,교직,3,E11304101,2,2,목 3 4 (3508),30,30,대면
교육방법및교육공학,교직,3,E11304102,2,2,목 5 6 (3508),31,30,대면
교육평가,교직,3,E11302301,2,2,화 3 4 (1203),15,30,대면
특수교육의이해,교직,3,E11315101,2,2,수 5 6 (3301),27,30,대면
특수교육의이해,교직,3,E11315102,2,2,수 7 8 (3301),30,30,대면
학교폭력예방및학생의이해,교직,3,E11456101,2,2,목 7 8 (3307),33,30,대면
학교폭력예방및학생의이해,교직,3,E11456102,2,2,목 9 10 (3307),18,30,대면
교육사회학,교직,4,E11453301,2,2,금 3 4 (1402),24,30,대면
교육사회학,교직,4,E11453302,2,2,금 5 6 (1402),28,30,대면
교육실습,교직,4,E11401101,2,2,수 1 2 ( ),80,80,비대면(학기 전체)
교육실습,교직,4,E11401102,2,2,수 3 4 ( ),48,70,비대면(학기 전체)
교육행정및학교경영,교직,4,E11405101,2,2,월 3 4 (3307),30,30,대면
교육행정및학교경영,교직,4,E11405102,2,2,수 3 4 (3307),25,30,대면
교직실무,교직,4,E11311102,2,2,월 5 6 (1302),34,30,대면
교직실무,교직,4,E11311103,2,2,화 1 2 (1302),26,30,대면
생활지도와상담,교직,4,E11355101,2,2,월 7 8 (2605),32,30,대면
지속가능발전교육,교직,4,E11353101,2,2,금 9 10 (1407),16,30,대면
Business Law(기업법),전공,1,D03208403,3,3,월 4 5 6 ( ),19,60,"전필, 원어, 비대면(학기 전체), 1전공만 수강 가능"
Business Law(기업법),전공,1,D03208404,3,3,금 4 5 6 ( ),66,61,"전필, 원어, 비대면(학기 전체), 1전공만 수강 가능"
Mathematics for Economics,전공,1,D02103401,3,3,월 1 2 3 ( ),39,60,"전필, 원어, 비대면(학기 전체), 1전공만 수강 가능"
Mathematics for Economics,전공,1,D02103403,3,3,월 7 8 9 ( ),60,60,"전필, 원어, 비대면(학기 전체), 1전공만 수강 가능"
Principles of Economics (1),전공,1,D01101F03,3,3,목 1 2 3 ( ),67,61,"전필, 비대면(학기 전체), 1전공만 수강 가능"
Principles of Economics (1),전공,1,D01101F04,3,3,금 1 2 3 ( ),15,60,"전필, 비대면(학기 전체), 1전공만 수강 가능"
International Commerce Law,전공,2,D01239201,3,3,금 4 5 6 ( ),30,60,"전필, 원어, 비대면(학기 전체), 1전공만 수강 가능"
International Commerce Law,전공,2,D01239204,3,3,수 4 5 6 ( ),60,62,"전필, 원어, 비대면(학기 전체), 1전공만 수강 가능"
Macroeconomic Analysis,전공,2,D01235303,3,3,수 1 2 3 ( ),35,60,"전필, 원어, 비대면(학기 전체), 1전공만수강가능,외국인/교환 제외 추신불가"
Macroeconomic Analysis,전공,2,D01235304,3,3,수 7 8 9 ( ),40,60,"전필, 원어, 비대면(학기 전체), 1전공만수강가능,외국인/교환 제외 추신불가"
Microeconomics Analysis,전공,2,D01233303,3,3,화 1 2 3 ( ),30,60,"전필, 원어, 비대면(학기 전체), 1전공만 수강 가능"
Microeconomics Analysis,전공,2,D01233304,3,3,화 7 8 9 ( ),47,60,"전필, 원어, 비대면(학기 전체), 1전공만 수강 가능"
Econometrics and Data Analysis,전공,3,D01395101,3,3,목 1 2 3 ( ),30,60,"전필, 원어, 비대면(학기 전체), 자선 수강불가"
Econometrics and Data Analysis,전공,3,D01395102,3,3,목 7 8 9 ( ),49,60,"전필, 원어, 비대면(학기 전체), 자선 수강불가"
International Conflict and Game Theory,전공,3,D01385101,3,3,금 1 2 3 ( ),65,69,"원어, 비대면(학기 전체)"
Market Structure and Firms' Behavior,전공,3,D01393101,3,3,월 7 8 9 ( ),59,70,"원어, 비대면(학기 전체), 자선 수강불가"
Topics in Economic Regulation and Competition Law,전공,3,D01485201,3,3,수 7 8 9 ( ),46,60,"원어, 비대면(학기 전체), 자선 수강불가"
Law & Practice in International Finance,전공,4,D01389101,3,3,목 4 5 6 ( ),16,60,"원어, 비대면(학기 전체), 자선 수강불가"
Practice in International Business,전공,4,D01381101,3,3,월 4 5 6 ( ),41,60,"비대면(학기 전체), 자선 수강불가"
Theory of Financial Decision Making,전공,4,D03470201,3,3,수 4 5 6 ( ),63,75,"비대면(학기 전체), 자선 수강불가"
국제경제현안분석,전공,4,D01376201,3,3,금 7 8 9 ( ),18,60,비대면(학기 전체)
Business Law(기업법),이중(부)전공,2,D03208401,3,3,수 1 2 3 ( ),70,60,"전필, 비대면(학기 전체), 1전공, 자선 수강불가"
Business Law(기업법),이중(부)전공,2,D03208402,3,3,화 4 5 6 ( ),63,60,"전필, 비대면(학기 전체), 1전공, 자선 수강불가"
Mathematics for Economics,이중(부)전공,2,D02103402,3,3,화 4 5 6 ( ),59,60,"전필, 원어, 비대면(학기 전체), 1전공, 자선 수강불가"
Principles of Economics (1),이중(부)전공,2,D01101F01,3,3,목 4 5 6 ( ),82,75,"전필, 비대면(학기 전체), 1전공, 자선 수강불가"
Principles of Economics (1),이중(부)전공,2,D01101F02,3,3,금 7 8 9 ( ),38,60,"전필, 비대면(학기 전체), 1전공, 자선 수강불가"
International Commerce Law,이중(부)전공,3,D01239202,3,3,월 1 2 3 ( ),70,72,"전필, 원어, 비대면(학기 전체), 1전공, 자선 수강불가"
International Commerce Law,이중(부)전공,3,D01239203,3,3,월 7 8 9 ( ),69,64,"전필, 원어, 비대면(학기 전체), 1전공, 자선 수강불가"
Macroeconomic Analysis,이중(부)전공,3,D01235301,3,3,화 1 2 3 ( ),45,65,"전필, 비대면(학기 전체), 1전공, 자선 수강불가"
Macroeconomic Analysis,이중(부)전공,3,D01235302,3,3,화 7 8 9 ( ),68,65,"전필, 비대면(학기 전체), 1전공, 자선 수강불가"
Microeconomics Analysis,이중(부)전공,3,D01233301,3,3,목 1 2 3 ( ),37,60,"전필, 비대면(학기 전체), 1전공, 자선 수강불가"
Microeconomics Analysis,이중(부)전공,3,D01233302,3,3,목 7 8 9 ( ),59,60,"전필, 비대면(학기 전체), 1전공, 자선 수강불가"
English 1 (Academic Writing for International Studies),전공,1,K01101301,3,3,수 1 2 3 (1304),20,30,"전필, 원어, 대면, DIS 1st or double major only"
English 1 (Academic Writing for International Studies),전공,1,K01101302,3,3,목 1 2 3 ( ),22,35,"전필, 원어, 비대면(학기 전체), DIS 1st or double major only"
English 1 (Academic Writing for International Studies),전공,1,K01101303,3,3,목 4 5 6 (1404),38,30,"전필, 원어, 대면, DIS 1st or double major only"
English 1 (Academic Writing for International Studies),전공,1,K01101304,3,3,금 4 5 6 (1407),35,30,"전필, 원어, 대면, DIS 1st or double major only"
Global manners and ettiquettes,전공,1,K01108101,2,2,수 5 6 ( ),34,62,"원어, 비대면(학기 전체)"
Introduction to Korean Law,전공,1,K01455101,3,3,화 4 5 6 ( ),31,63,"원어, 비대면(학기 전체)"
Introduction to Political Science,전공,1,C01101501,3,3,월 4 5 6 (3204),35,41,"원어, 대면"
Principles of EconomicsⅠ,전공,1,D01101G01,3,3,금 7 8 9 ( ),4,50,"전필, 원어, 비대면(학기 전체), DIS 1st major only"
Principles of EconomicsⅠ,전공,1,D01101G02,3,3,금 1 2 3 ( ),19,50,"전필, 원어, 비대면(학기 전체), DIS double or minor only"
Principles of EconomicsⅠ,전공,1,D01101G03,3,3,월 7 8 9 ( ),87,83,"전필, 원어, 비대면(학기 전체), DIS 1st, double, minor only"
Understanding Culture,전공,1,K01106201,3,3,월 1 2 3 ( ),28,61,"전필, 원어, 비대면(학기 전체)"
Understanding Culture,전공,1,K01106202,3,3,화 7 8 9 ( ),29,60,"전필, 원어, 비대면(학기 전체)"
Understanding Culture,전공,1,K01106203,3,3,수 7 8 9 ( ),35,60,"전필, 원어, 비대면(학기 전체)"
Volunteer ServiceⅠ,전공,1,K01109201,2,2,목 11 12 ( ),39,73,"전필, 원어, 비대면(학기 전체), DIS 1st major, entry year 2021 or 2022 only"
International Political Economy,전공,2,D01473301,3,3,수 7 8 9 ( ),22,50,"원어, 비대면(학기 전체)"
International Relations Theory,전공,2,K01247201,3,3,화 1 2 3 ( ),48,64,"전필, 원어, 비대면(학기 전체)"
International Relations Theory,전공,2,K01247202,3,3,수 1 2 3 ( ),41,63,"전필, 원어, 비대면(학기 전체)"
Introduction to Development Economics,전공,2,K01434101,3,3,화 4 5 6 ( ),38,65,"원어, 비대면(학기 전체)"
Introduction to Regional Studies,전공,2,D02217101,3,3,수 10 11 12 ( ),34,63,"원어, 비대면(학기 전체)"
KoreanⅠ,전공,2,K01432301,2,2,수 5 6 (3307),1,30,"원어, 대면"
KoreanⅢ,전공,2,K01458301,2,2,금 5 6 (2407),5,31,"원어, 대면"
Microeconomic Theory,전공,2,D01233401,3,3,화 7 8 9 ( ),65,74,"원어, 비대면(학기 전체)"
Advanced Development Economics,전공,3,K01313101,3,3,목 7 8 9 ( ),10,60,"원어, 비대면(학기 전체)"
International Finance and Balance of Payments,전공,3,D02352701,3,3,목 7 8 9 ( ),9,60,"원어, 비대면(학기 전체)"
ODA and Law,전공,3,K01261101,3,3,(),51,108,"온라인, 원어, 비대면(학기 전체)"
Seminar on Regional Studies,전공,3,K01319101,3,3,수 4 5 6 ( ),8,60,"원어, 비대면(학기 전체)"
The Politics of Technology,전공,3,K01318101,3,3,화 4 5 6 ( ),16,60,"원어, 비대면(학기 전체)"
Accounting for International Business,전공,4,D02213201,3,3,금 7 8 9 ( ),17,60,"원어, 비대면(학기 전체)"
Financial Economics,전공,4,K01305201,3,3,월 1 2 3 ( ),31,60,"원어, 비대면(학기 전체)"
Globalization and Development,전공,4,K01431201,3,3,목 4 5 6 ( ),6,60,"원어, 비대면(학기 전체)"
International Studies SeminarⅠ,전공,4,K01244201,3,3,월 7 8 9 ( ),12,60,"원어, 비대면(학기 전체)"
Korean Economy and Law,전공,4,K01418201,3,3,월 4 5 6 ( ),15,60,"원어, 비대면(학기 전체)"
Trade Negotiations and Issues,전공,4,K01461101,3,3,수 1 2 3 (0329),7,30,"원어, 대면"
네덜란드어회화작문I(1),전공,1,A08129101,3,3,화 7 8 9 (3401),29,30,"전필, 원어, 대면"
네덜란드어회화작문I(1),전공,1,A08129102,3,3,금 4 5 6 (3409),18,30,"전필, 원어, 대면"
멀티미디어네덜란드어I(1),전공,1,A08382201,2,2,수 1 2 (1504),24,30,"전필, 원어, 대면"
멀티미디어네덜란드어I(1),전공,1,A08382202,2,2,금 1 2 (1507),24,30,"전필, 원어, 대면"
초급네덜란드어강독문법(1),전공,1,A08125101,3,3,월 1 2 3 ( ),44,45,"전필, 원어, 비대면(학기 전체)"
현대네덜란드사회이해(1),전공,1,A08488101,2,2,수 3 4 (0118),37,40,대면
네덜란드국제관계(1),전공,2,A08486101,2,2,목 5 6 (3507),19,30,"원어, 대면"
네덜란드문화읽기(1),전공,2,A08491101,2,2,수 9 10 (1507),20,30,"원어, 대면"
네덜란드어회화작문II(1),전공,2,A08131101,2,2,화 1 2 (3408),29,35,"전필, 원어, 대면"
멀티미디어네덜란드어II(1),전공,2,A08384201,2,2,화 3 4 (1307),11,30,"전필, 대면"
멀티미디어네덜란드어II(1),전공,2,A08384202,2,2,화 5 6 (1307),19,30,"전필, 대면"
중급네덜란드어강독문법(1),전공,2,A08219101,2,2,월 7 8 (2409),28,40,"전필, 원어, 대면"
FLEX네덜란드어,전공,3,A08393101,2,2,수 7 8 (1502),14,30,"전필, 대면"
네덜란드어학개론(1),전공,3,A08203101,2,2,수 5 6 (1502),23,35,대면
네덜란드어회화작문Ⅲ(1),전공,3,A08371201,2,2,목 1 2 (3404),6,20,"원어, 대면"
네덜란드정치(1),전공,3,A08376101,2,2,월 5 6 (0118),19,40,대면
베네룩스사(1),전공,3,A08367101,2,2,월 7 8 (0118),11,40,대면
네덜란드문화사(1),전공,4,A08361101,2,2,금 7 8 (3304),8,20,"원어, 대면"
베네룩스경제사(1),전공,4,A08417101,2,2,목 7 8 (0118),14,40,대면
시사네덜란드어(1),전공,4,A08302201,2,2,금 3 4 (0115),7,30,"원어, 대면"
유럽통합과네덜란드(1),전공,4,A08495201,2,2,목 3 4 (0118),21,40,대면
러시아문화(1),전공,1,N11211201,2,2,수 3 4 (3106),41,40,대면
러시아어말하기(1),전공,1,A04131101,2,2,화 1 2 (1303),20,20,"전필, 원어, 대면, A,B반 우선수강(외고, 러시아어권 체류 X)"
러시아어말하기(1),전공,1,A04131102,2,2,화 3 4 (1303),28,22,"전필, 원어, 대면, A,B반 우선수강(외고, 러시아어권 체류 X)"
러시아어말하기(1),전공,1,A04131103,2,2,금 5 6 (1203),15,20,"전필, 원어, 대면, A,B반, 재수강(A. B반), 이중(외고, 체류X)"
러시아어말하기(1),전공,1,A04131104,2,2,월 1 2 (1409),12,20,"전필, 원어, 대면, C반(초,재), 이중(외고, 체류O),CIS students"
러시아어문법(1),전공,1,A04123101,2,2,월 3 4 (1603),23,30,"대면, A, B반, 이중(외고, 러시아어권 체류 X)"
러시아어문법(1),전공,1,A04123102,2,2,월 5 6 (1603),33,30,"대면, A, B반, 이중(외고, 러시아어권 체류 X)"
러시아어문법(1),전공,1,A04123103,2,2,화 7 8 (1409),16,30,"대면, C반, 재수강, 이중(외고, 러시아어권 체류 O)"
러시아어언어실습(1),전공,1,A04125301,2,2,월 7 8 (1303),15,30,"대면, A, B반, 이중(외고, 러시아어권 체류 X)"
러시아어언어실습(1),전공,1,A04125302,2,2,금 3 4 (1403),34,30,"대면, A, B반, 이중(외고, 러시아어권 체류 X)"
러시아어언어실습(1),전공,1,A04125303,2,2,월 3 4 (2506),16,30,"대면, C반, 재수강, 이중(외고, 러시아어권 체류O)"
러시아어읽기(1),전공,1,A04129101,2,2,목 1 2 (2210),17,30,"대면, A, B반, 이중(외고, 러시아어권 체류 X)"
러시아어읽기(1),전공,1,A04129102,2,2,목 3 4 (2210),31,30,"대면, A, B반, 이중(외고, 러시아어권 체류 X)"
러시아어읽기(1),전공,1,A04129103,2,2,금 1 2 (1408),14,30,"대면, C반, 재수강, 이중(외고, 러시아어권 체류 O)"
러시아문학텍스트강독,전공,2,A04211101,2,2,목 5 6 (1302),37,30,대면
러시아실용문이해(원강),전공,2,A04213101,2,2,목 7 8 (1302),30,31,대면
러시아어말하기심화(1),전공,2,A04223101,2,2,월 7 8 (2204),28,21,"전필, 원어, 대면, A,B반 우선수강(특기자, 러시아어권 체류 X)"
러시아어말하기심화(1),전공,2,A04223102,2,2,화 5 6 (2201),23,20,"전필, 원어, 대면, A,B반 우선수강(특기자, 러시아어권 체류 X)"
러시아어말하기심화(1),전공,2,A04223103,2,2,수 1 2 (2201),12,20,"전필, 원어, 대면, A,B반, 재수강(A., B반), 이중(특기자, 체류X)"
러시아어말하기심화(1),전공,2,A04223104,2,2,수 1 2 (01202),12,20,"전필, 원어, 대면, C(초,재),이중(체류O),특기자,CIS students"
러시아어쓰기심화(1),전공,2,A04221101,2,2,수 5 6 (1401),44,40,"대면, A, B반, 이중(러시아어권 체류 X)"
러시아어쓰기심화(1),전공,2,A04221102,2,2,금 3 4 (3303),15,30,"대면, C반, 재수강, 이중(러시아어권 체류 O)"
텍스트로읽는러시아(1),전공,2,A04473101,3,3,화 1 2 3 (0118),29,31,"대면, A, B반, 재수강, 이중(러시아어권 체류 X)"
19세기러시아문학과사회,전공,3,A04301301,2,2,수 7 8 (3303),22,30,대면
러시아비즈니스협상론,전공,3,A04472101,2,2,금 7 8 (1203),7,30,"원어, 대면"
러시아어문장론,전공,3,A04359101,2,2,월 5 6 (2506),27,30,대면
러시아어통역연습,전공,3,A04321101,2,2,금 5 6 (1403),25,30,대면
러시아역사(1),전공,3,A07377301,2,2,수 1 2 (6226),42,41,대면
러시아작가연구,전공,3,A04453301,2,2,수 7 8 (1607),36,30,대면
FLEX러시아어세미나,전공,4,N04401301,2,2,목 7 8 (3403),25,30,대면
러시아문학사상과이론,전공,4,A04452301,2,2,목 5 6 (C303),31,40,대면
러시아어형태와의미연구,전공,4,A04355101,2,2,목 3 4 (1203),21,30,대면
러시아정치.외교,전공,4,A04457101,2,2,화 5 6 (1302),14,30,대면
러시아지역연구실습(캡스톤디자인)(1),전공,4,A04475101,2,2,화 7 8 (2204),5,30,"원어, Team Teaching, 대면, P/F(보고서 작성, 실무회화 연습)"
현대러시아사회와문화,전공,4,A04427101,2,2,수 5 6 (3106),34,40,대면
독일문학기초세미나,전공,1,A03496101,2,2,목 3 4 (6105),49,40,"Team Teaching, 대면"
독일어말하기A1,전공,1,A03498301,2,2,목 1 2 (2404),19,20,"원어, 대면"
독일어말하기A1,전공,1,A03498302,2,2,목 3 4 (2404),21,20,"원어, 대면"
독일어말하기A1,전공,1,A03498303,2,2,목 1 2 (3202),23,20,"원어, 대면"
독일어말하기A1,전공,1,A03498304,2,2,목 3 4 (3202),22,20,"원어, 대면"
독일어말하기A1,전공,1,A03498305,2,2,목 5 6 (3202),28,20,"원어, 대면"
독일어말하기A1,전공,1,A03498306,2,2,목 5 6 (3302),19,20,"원어, 대면"
독일어쓰기A1,전공,1,A03157101,2,2,금 1 2 (3304),12,20,"원어, 대면"
독일어쓰기A1,전공,1,A03157102,2,2,금 1 2 (2404),24,20,"원어, 대면"
독일어쓰기A1,전공,1,A03157103,2,2,금 3 4 (2404),24,20,"원어, 대면"
독일어쓰기A1,전공,1,A03157104,2,2,금 7 8 (2402),19,20,"원어, 대면"
독일어쓰기A1,전공,1,A03157105,2,2,금 3 4 (3304),17,20,"원어, 대면"
독일어쓰기A1,전공,1,A03157106,2,2,금 5 6 (3304),18,20,"원어, 대면"
독일어읽기A1,전공,1,A03221201,2,2,월 1 2 (2201),22,20,대면
독일어읽기A1,전공,1,A03221202,2,2,수 7 8 (2201),23,20,대면
독일어읽기A1,전공,1,A03221203,2,2,화 5 6 (1305),26,22,대면
독일어읽기A1,전공,1,A03221204,2,2,금 5 6 (2403),21,22,대면
독일어읽기A1,전공,1,A03221205,2,2,월 3 4 (C303),28,23,대면
초급독일어1,전공,1,A03101801,4,4,월 5 6 수 3 4 (0330),27,20,대면
초급독일어1,전공,1,A03101802,4,4,월 5 6 금 3 4 (1204),22,20,대면
초급독일어1,전공,1,A03101803,4,4,월 5 6 목 5 6 (1509),23,22,대면
초급독일어1,전공,1,A03101804,4,4,월 5 6 수 7 8 (3504),32,20,대면
초급독일어1,전공,1,A03101805,4,4,월 5 6 목 7 8 (1408),21,20,대면
초급독일어1,전공,1,A03101806,4,4,월 5 6 수 3 4 (2402),23,21,대면
독일어말하기B1,전공,2,A03500302,2,2,수 3 4 (1409),18,20,"원어, 대면"
독일어말하기B1,전공,2,A03500303,2,2,목 5 6 (2203),18,20,"원어, 대면"
독일어말하기B1,전공,2,A03500304,2,2,수 9 10 (3304),14,20,"원어, 대면"
독일어말하기B1,전공,2,A03500305,2,2,수 7 8 (3304),29,20,"원어, 대면"
독일어쓰기B1,전공,2,A03159101,2,2,수 1 2 (2502),21,20,"원어, 대면"
독일어쓰기B1,전공,2,A03159102,2,2,수 3 4 (2502),20,20,"원어, 대면"
독일어쓰기B1,전공,2,A03159103,2,2,금 3 4 (2402),16,20,"원어, 대면"
독일어쓰기B1,전공,2,A03159104,2,2,화 5 6 (3202),20,20,"원어, 대면"
독일어쓰기B1,전공,2,A03159105,2,2,화 3 4 (3202),11,20,"원어, 대면"
독일어읽기B1,전공,2,A03201701,3,3,화 7 8 9 (0211),4,20,대면
독일어읽기B1,전공,2,A03201702,3,3,화 7 8 9 (2404),23,20,대면
독일어읽기B1,전공,2,A03201703,3,3,화 7 8 9 (2105),22,20,대면
독일어읽기B1,전공,2,A03201704,3,3,금 7 8 9 (2405),10,20,"원어, 대면"
독일어읽기B1,전공,2,A03201705,3,3,금 1 2 3 (01202),10,20,"원어, 대면"
독일어읽기B1,전공,2,A03201706,3,3,월 1 2 3 (2403),21,20,"원어, 대면"
독일예술문화기초세미나,전공,2,A03503101,2,2,수 5 6 (6226),45,40,"Team Teaching, 대면"
어휘와구문B1,전공,2,A03223201,2,2,화 3 4 (2403),24,20,대면
어휘와구문B1,전공,2,A03223202,2,2,화 1 2 (C303),19,20,대면
어휘와구문B1,전공,2,A03223203,2,2,목 5 6 (1408),22,20,대면
어휘와구문B1,전공,2,A03223204,2,2,목 3 4 (3502),26,20,대면
어휘와구문B1,전공,2,A03223205,2,2,월 3 4 (1204),13,20,대면
독일EU정책,전공,3,A03505101,2,2,화 7 8 (1401),37,40,대면
독일문학사,전공,3,A03303401,3,3,수 4 5 6 (1304),27,30,"Team Teaching, 대면"
독일문학입문1,전공,3,A03397101,2,2,수 3 4 (1203),12,30,대면
독일미디어와언어,전공,3,A03147101,2,2,월 7 8 (C303),34,32,대면
독일어에세이1,전공,3,A03501101,2,2,화 1 2 (3302),15,20,대면
독일어학입문1,전공,3,A03124101,2,2,화 3 4 (C303),29,34,대면
독일지역사정(역사),전공,3,A03467301,2,2,수 7 8 (0118),30,30,대면
독일통일과법,전공,3,A03506101,2,2,수 1 2 (3303),25,30,대면
영화와문화,전공,3,A03502101,2,2,화 5 6 (2409),25,35,대면
독.한번역연습,전공,4,A03319401,2,2,목 7 8 (1509),4,20,대면
독일경제의이해,전공,4,N03419201,2,2,화 1 2 (3401),30,30,대면
독일명작의이해,전공,4,A03483101,2,2,목 7 8 (1203),10,20,대면
독일어와통상회의1,전공,4,A03508101,2,2,화 3 4 (3302),8,20,대면
독일지역사정(정치),전공,4,A03305101,2,2,금 5 6 (3407),15,30,대면
독일최근작가론,전공,4,A03334101,2,2,월 3 4 (1403),19,30,대면
독일현대문학,전공,4,A03465201,2,2,화 3 4 (1304),15,30,대면
시사독일어1,전공,4,A03471101,2,2,수 5 6 (C303),15,20,대면
실용독어학,전공,4,A03148101,2,2,목 5 6 (1303),13,30,대면
전공FLEX독일어1,전공,4,A03391101,2,2,월 7 8 (3301),26,30,대면
독일어듣기연구및지도법,전공,2,A03251301,2,2,화 3 4 (1310),0,30,대면
독일어발음연구및지도법1,전공,2,A03161401,1,1,월 4 (3502),9,30,대면
중급독일어강독1,전공,2,A03203201,2,2,금 5 6 (2604),16,30,대면
중급독일어작문1,전공,2,A03207101,2,2,수 5 6 (2604),15,30,"Team Teaching, 대면"
중급독일어회화1,전공,2,A03116701,4,4,월 1 2 목 3 4 (1508),14,20,대면
고급독일어회화1,전공,3,A03301701,3,3,목 7 8 9 (1405),11,20,대면
독일문학사,전공,3,A03336101,3,3,수 1 2 3 (0225),12,40,대면
독일어교과교육론,전공,3,E03303301,3,3,금 1 2 3 (1608),21,40,대면
독일어교수법,전공,3,E03417201,3,3,금 7 8 9 (2204),7,40,대면
고급독일어강독1,전공,4,A03494101,2,2,목 1 2 (2209),14,30,대면
고급독일어작문1,전공,4,E03415201,2,2,수 7 8 (2604),7,30,대면
독일어교육세미나,전공,4,E03403301,3,3,금 4 5 6 (1608),9,20,대면
독일어어휘연구및지도법,전공,4,E03361201,2,2,화 5 6 (1310),1,30,대면
독일어통번역연습,전공,4,E03369301,2,2,화 1 2 (2401),11,20,대면
국제무역이론의기초,이중(부)전공,2,B21301201,2,2,금 5 6 (2605),32,30,대면
동북아국제정세와한일관계,이중(부)전공,2,B21012501,2,2,월 7 8 (3503),21,30,대면
동북아지역사정입문1,이중(부)전공,2,B21001401,3,3,수 1 2 3 ( ),24,50,"전필, 비대면(학기 전체)"
동북아강대국정치의이해,이중(부)전공,3,B21011401,2,2,수 5 6 (2605),19,30,대면
동북아국제관계론,이중(부)전공,3,B21020401,2,2,수 7 8 (2605),20,30,대면
동북아국제무역의이해,이중(부)전공,3,B21018501,2,2,목 3 4 (3303),18,30,대면
동북아외교안보론,이중(부)전공,3,B21017301,2,2,화 3 4 (3409),26,30,대면
동북아지역시사문제연구,이중(부)전공,4,B21003501,2,2,화 7 8 (2405),11,30,대면
동북아커뮤니케이션론,이중(부)전공,4,B21013301,2,2,목 7 8 (3202),9,30,대면
한중일콘텐츠투어리즘,이중(부)전공,4,B21005101,2,2,월 3 4 (3409),18,30,대면
디지털인문학입문,이중(부)전공,2,J03001101,3,3,금 7 8 9 (1204),6,20,대면
한국사회와역사,이중(부)전공,2,J03003101,3,3,화 4 5 6 (3502),3,20,대면
인문콘텐츠와 시맨틱웹,이중(부)전공,3,J11029101,3,3,목 4 5 6 (0225),3,20,대면
"인도네시아세계역사.문화:인도네시아,동티모르,필리핀",전공,1,B03493101,3,3,월 7 8 9 (6226),42,40,"전필, 대면"
지역과지역학,전공,1,B03131101,2,2,월 3 4 (1302),34,34,"전필, 대면, 22학번 전용 강의"
초급마.인어(1),전공,1,B03109101,3,3,수 1 2 3 (1302),34,35,"전필, 대면, 22학번 전용 강의"
초급마.인어(1),전공,1,B03109102,3,3,수 7 8 9 (1302),10,35,"전필, 대면"
초급마.인어(1),전공,1,B03109103,3,3,화 4 5 6 (1508),18,35,"전필, 대면"
초급마.인어회화작문(1),전공,1,B03110401,2,2,금 1 2 (1302),34,35,"전필, 원어, 대면, 22학번 전용 강의"
초급마.인어회화작문(1),전공,1,B03110402,2,2,월 1 2 ( ),15,50,"전필, 원어, 비대면(학기 전체)"
마.인문학과사회,전공,2,B03216201,2,2,화 1 2 ( ),14,50,"원어, 비대면(학기 전체)"
마.인어원서강독(1),전공,2,B03103201,2,2,목 1 2 (3205),34,40,대면
마.인젠더와문화,전공,2,B03115101,2,2,금 3 4 (1210),2,30,"원어, 대면"
마.인지리와문화,전공,2,B03112101,2,2,금 7 8 ( ),54,55,비대면(학기 전체)
영상마.인어(1),전공,2,B03111301,2,2,월 3 4 (0329),8,40,"전필, 원어, 대면"
영상마.인어(1),전공,2,B03111302,2,2,월 5 6 (0329),24,40,"전필, 원어, 대면"
"종교와사회:말레이시아,싱가포르,브루나이",전공,2,B03494101,3,3,금 4 5 6 (C303),45,40,대면
중급마.인어회화작문(1),전공,2,B03206301,2,2,수 5 6 ( ),51,80,"전필, 원어, 비대면(학기 전체)"
FLEX마.인어,전공,3,B03383101,2,2,목 3 4 (3205),29,40,대면
마.인시사정보,전공,3,B03375101,3,3,월 7 8 9 (1301),36,36,대면
마.인어비교,전공,3,B03360101,2,2,수 1 2 (1211),10,30,"원어, 대면"
인도네시아세미나,전공,3,B03495101,3,3,수 7 8 9 (1307),12,30,대면
인도네시아현대문학,전공,3,B03367101,3,3,화 7 8 9 ( ),4,50,"원어, 비대면(학기 전체)"
마.인문학강독(1),전공,4,B03463201,2,2,목 5 6 (3205),17,30,대면
마.인민담연구,전공,4,B03117101,2,2,수 3 4 (1211),1,30,"원어, 대면"
기초몽골어언어실습(1),전공,1,B10111101,2,2,금 5 6 (2409),27,40,"전필, 대면"
몽골경제,전공,1,B10177101,2,2,수 1 2 (1409),12,40,대면
몽골민속(1),전공,1,B10115101,2,2,월 3 4 (1508),9,40,대면
몽골어텍스트강독(1),전공,1,B10129101,2,2,수 5 6 (1508),9,20,대면
몽골지역학입문,전공,1,B10176101,2,2,화 1 2 (1608),17,40,대면
초급몽골어문법(1),전공,1,B10161101,2,2,수 7 8 (1404),27,30,"전필, 대면"
초급몽골어회화(1),전공,1,B10105301,2,2,금 7 8 (2409),26,40,"전필, 대면"
한.몽교류사,전공,1,B10168101,2,2,목 5 6 (2408),20,40,"Team Teaching, 대면"
고전몽골어(1),전공,2,B10170101,2,2,월 1 2 (3409),17,40,"전필, 대면"
기초몽골어작문(1),전공,2,B10123101,2,2,월 7 8 (1204),7,40,대면
몽골어텍스트분석(1),전공,2,B10133101,2,2,화 3 4 (1408),10,40,대면
실용몽골어문법(1),전공,2,B10131101,2,2,화 7 8 (1403),15,30,"전필, 대면"
중급몽골어회화(1),전공,2,B10121301,2,2,목 1 2 (2403),17,40,"전필, 대면"
고급몽골어회화(1),전공,3,B10139101,2,2,금 1 2 (2210),22,40,"전필, 대면"
몽골구비문학,전공,3,B10157201,2,2,금 3 4 (2405),16,40,대면
몽골어통역연습(1),전공,3,B10143101,2,2,월 5 6 (1508),6,40,대면
중급몽골어번역연습(1),전공,3,B10166101,2,2,화 5 6 (1408),8,40,대면
활용몽골어작문(1),전공,3,B10141101,2,2,목 3 4 (2509),11,25,대면
몽골정치.외교,전공,4,B10155201,2,2,목 7 8 (2408),17,30,대면
문화콘텐츠와트랜드탐사,이중(제2),2,R08324102,3,3,화 10 11 12 (1401),14,40,대면
문화콘텐츠학입문,이중(제2),2,R08202102,3,3,월 4 5 6 (3306),25,40,대면
지역과문화자원개발1,이중(제2),2,R08237102,3,3,목 4 5 6 (3306),34,40,대면
공연예술의이해,이중(제2),3,R08325102,3,3,월 7 8 9 (3506),22,40,대면
문화콘텐츠기획,이중(제2),3,R08326102,3,3,수 7 8 9 (0329),26,40,대면
영상콘텐츠제작입문,이중(제2),3,R08339101,3,3,화 7 8 9 (2605),27,30,대면
의식주문화콘텐츠분석과개발,이중(제2),3,R08338101,3,3,금 7 8 9 (1405),6,40,대면
문화교육과미디어,이중(제2),4,R08407101,3,3,화 4 5 6 (3308),35,40,대면
컨벤션.전시기획과운영,이중(제2),4,R08423101,3,3,수 4 5 6 (3306),22,40,대면
미디어커뮤니케이션1,전공,1,C04531101,3,3,화 4 5 6 ( ),77,80,"전필, 비대면(학기 전체), 22학번 1전공생 전용"
미디어커뮤니케이션1,전공,1,C04531102,3,3,수 4 5 6 ( ),77,71,"전필, 비대면(학기 전체), 22학번 1전공생 수강 불가"
미디어커뮤니케이션1,전공,1,C04531103,3,3,수 7 8 9 ( ),72,66,"전필, 비대면(학기 전체), 22학번 1전공생 수강 불가"
미디어커뮤니케이션글쓰기,전공,1,C04529101,3,3,금 4 5 6 ( ),69,60,"전필, 비대면(학기 전체)"
미디어커뮤니케이션글쓰기,전공,1,C04529102,3,3,금 1 2 3 ( ),77,64,"전필, 비대면(학기 전체)"
스피치커뮤니케이션,전공,1,C03116101,3,3,월 7 8 9 ( ),15,60,비대면(학기 전체)
미디어연구방법론,전공,2,C04534101,3,3,목 4 5 6 ( ),41,60,"전필, 비대면(학기 전체)"
미디어연구방법론,전공,2,C04534102,3,3,목 7 8 9 ( ),17,60,"전필, 원어, 비대면(학기 전체)"
뉴미디어테크놀로지,전공,2,C07301101,3,3,월 4 5 6 ( ),57,65,"전필, 비대면(학기 전체)"
멀티미디어제작,전공,2,C03405101,3,3,목 10 11 12 (3409),10,30,"대면, 실습과목/ 세부전공 교류불가"
방송의이해,전공,2,C03401101,3,3,화 1 2 3 ( ),52,66,"전필, 비대면(학기 전체)"
방송의이해,전공,2,C03401102,3,3,수 1 2 3 ( ),54,62,"전필, 비대면(학기 전체)"
글로벌미디어와엔터테인먼트콘텐츠,전공,3,C03483101,3,3,금 7 8 9 ( ),58,60,비대면(학기 전체)
미디어콘텐츠기획제작,전공,3,C03362101,3,3,월 4 5 6 (3508),27,30,"대면, 실습과목/ 세부전공 교류불가"
영화영상의이해,전공,3,C03292101,3,3,화 7 8 9 ( ),66,62,비대면(학기 전체)
네트워크사회와인간,전공,4,C04475101,3,3,화 4 5 6 ( ),53,60,비대면(학기 전체)
디지털문화론,전공,4,R08315201,3,3,목 4 5 6 ( ),38,60,비대면(학기 전체)
미디어산업론,전공,4,C03478101,3,3,수 7 8 9 ( ),50,60,비대면(학기 전체)
베트남학개론(1),전공,1,B06117101,2,2,목 7 8 ( ),53,54,비대면(학기 전체)
초급베트남어(1),전공,1,B06487101,2,2,화 1 2 (1404),28,30,"원어, 대면"
초급베트남어(1),전공,1,B06487102,2,2,목 3 4 (1507),30,30,"원어, 대면"
초급베트남어연습(1),전공,1,B06116201,2,2,월 5 6 (2204),16,20,"원어, 대면"
초급베트남어연습(1),전공,1,B06116202,2,2,수 1 2 (1508),21,20,"원어, 대면"
초급베트남어연습(1),전공,1,B06116203,2,2,수 5 6 (1509),17,20,"원어, 대면"
초급베트남어회화(1),전공,1,B06105202,2,2,화 3 4 (3404),23,20,"원어, 대면"
초급베트남어회화(1),전공,1,B06105203,2,2,화 5 6 (3304),26,20,"원어, 대면"
초급베트남어회화(1),전공,1,B06105204,2,2,금 3 4 (2204),10,20,"원어, 대면"
베트남사회.문화(1),전공,2,B06133101,2,2,목 3 4 ( ),47,50,비대면(학기 전체)
중급베트남어(1),전공,2,B06489101,2,2,월 3 4 (0118),32,30,"원어, 대면"
중급베트남어(1),전공,2,B06489102,2,2,금 3 4 (1507),15,30,"원어, 대면"
중급베트남어연습(1),전공,2,B06209201,2,2,목 5 6 (1508),13,20,"원어, 대면"
중급베트남어연습(1),전공,2,B06209202,2,2,금 1 2 (1508),22,20,"원어, 대면"
중급베트남어회화(1),전공,2,B06222201,2,2,수 1 2 (2403),20,22,"원어, 대면"
중급베트남어회화(1),전공,2,B06222202,2,2,금 5 6 (1408),22,23,"원어, 대면"
고급베트남어(1),전공,3,B06491101,2,2,목 7 8 (1602),26,30,"원어, 대면"
고급베트남어연습(1),전공,3,B06493201,2,2,목 1 2 (1609),15,20,"원어, 대면"
고급베트남어회화(1),전공,3,B06311101,2,2,월 3 4 (3302),14,20,"원어, 대면"
베트남법이해(1),전공,3,B06499201,2,2,화 3 4 ( ),41,50,비대면(학기 전체)
베트남역사1(1),전공,3,B06135101,2,2,수 3 4 ( ),23,50,비대면(학기 전체)
베트남역사2(1),전공,4,B06137101,2,2,수 7 8 ( ),15,50,비대면(학기 전체)
베트남정치.경제(1),전공,4,B06468101,2,2,월 7 8 ( ),28,50,비대면(학기 전체)
BRICs지역문화연구,이중(제2),2,A21042101,3,3,월 4 5 6 ( ),63,61,"Team Teaching, 비대면(학기 전체)"
BRICs지역입문,이중(제2),2,A21001101,3,3,월 1 2 3 ( ),65,61,"전필, Team Teaching, 비대면(학기 전체)"
BRICs지역현안세미나1,이중(제2),2,A21043101,2,2,목 3 4 ( ),65,60,"Team Teaching, 비대면(학기 전체)"
극동.시베리아개발과국제협력,이중(제2),3,A21049101,3,3,목 7 8 9 ( ),56,53,비대면(학기 전체)
브라질권역별경제특성연구,이중(제2),3,A21046101,3,3,화 7 8 9 ( ),55,50,비대면(학기 전체)
인도산업발전,이중(제2),3,A21007301,3,3,화 1 2 3 ( ),53,50,비대면(학기 전체)
BRICs지역과개발협력,이중(제2),4,A21048201,3,3,화 4 5 6 ( ),40,50,비대면(학기 전체)
서양생활문화사,부전공,2,R05159102,3,3,월 7 8 9 (2402),2,10,대면
한국현대사,부전공,4,R05451101,3,3,목 4 5 6 (1204),3,10,대면
공연예술학개론,이중(부)전공,2,J01009201,3,3,화 4 5 6 ( ),48,50,비대면(학기 전체)
문화예술미디에이션개론,이중(부)전공,2,J04002101,3,3,목 7 8 9 ( ),21,50,비대면(학기 전체)
박물관학입문,이중(부)전공,2,J04006201,3,3,화 7 8 9 ( ),29,50,비대면(학기 전체)
세계영화텍스트분석,이중(부)전공,2,J04005101,3,3,수 4 5 6 ( ),53,50,비대면(학기 전체)
미디어기술과문화예술,이중(부)전공,3,J04305101,3,3,월 7 8 9 ( ),26,50,비대면(학기 전체)
지역문화자원개발,이중(부)전공,3,J04202101,3,3,금 4 5 6 ( ),25,50,비대면(학기 전체)
공연예술매니지먼트,이중(부)전공,4,J04406101,3,3,목 4 5 6 ( ),24,50,"Team Teaching, 비대면(학기 전체)"
박물관경영및행정,이중(부)전공,4,J04407101,3,3,월 4 5 6 ( ),32,50,비대면(학기 전체)
바이킹의과거와현재,전공,1,A09478201,2,2,월 7 8 (1210),9,24,"원어, 대면"
스칸디나비아입문(1),전공,1,A09477101,2,2,목 5 6 (6226),54,49,대면
초급스웨덴어(1),전공,1,A09101101,2,2,수 7 8 (2403),27,25,대면
초급스웨덴어(1),전공,1,A09101102,2,2,화 1 2 (3503),21,25,대면
초급스웨덴어문법(1),전공,1,A09109101,2,2,수 3 4 (1404),23,25,대면
초급스웨덴어문법(1),전공,1,A09109102,2,2,목 1 2 (2509),27,24,대면
초급스웨덴어회화(1),전공,1,A09322201,3,3,화 4 5 6 (1509),26,25,"전필, 원어, 대면"
초급스웨덴어회화(1),전공,1,A09322202,3,3,금 1 2 3 (1509),21,25,"전필, 원어, 대면"
스칸디나비아복지제도(1),전공,2,A09479101,2,2,목 7 8 (3204),14,40,대면
중급스웨덴어(1),전공,2,A09201101,2,2,월 7 8 (2403),26,28,대면
중급스웨덴어문법(1),전공,2,A09215101,2,2,화 7 8 (1304),18,30,대면
중급스웨덴어작문(1),전공,2,A09207101,2,2,금 5 6 (2205),30,23,대면
중급스웨덴어회화(1),전공,2,A09323101,2,2,수 1 2 (3404),21,20,"전필, 원어, 대면"
중급스웨덴어회화(1),전공,2,A09323102,2,2,수 5 6 (2402),24,23,"전필, 원어, 대면"
초급덴마크어(1),전공,2,A09369101,2,2,월 3 4 (1504),20,27,"전필, 원어, 대면"
FLEX스웨덴어(1),전공,3,A09373101,2,2,금 3 4 (2205),20,25,대면
고급스웨덴어(1),전공,3,A09457101,2,2,수 3 4 (2401),12,25,대면
고급스웨덴어회화(1),전공,3,A09365201,2,2,월 5 6 (3404),21,20,"원어, 대면"
"덴마크사회,역사와문화",전공,3,A09313101,2,2,화 5 6 (2203),11,30,대면
덴마크어번역(1),전공,3,A09463201,2,2,수 7 8 (0115),6,20,"원어, 대면"
스웨덴어시사토론(1),전공,3,A09482101,2,2,화 7 8 (3504),14,20,대면
스웨덴어조어론,전공,3,A09303201,2,2,화 3 4 (2205),9,25,대면
스칸디나비아경제원강(1),전공,3,A09480101,2,2,금 7 8 (1501),29,30,대면
스칸디나비아영화유튜브&미디어리터러시(1),전공,3,A09312101,2,2,목 3 4 (3204),28,25,대면
스칸디나비아와EU,전공,3,A09481101,2,2,금 5 6 (1501),15,40,대면
고급스웨덴어작문(1),전공,4,A09363201,2,2,목 3 4 (2201),1,20,"원어, Team Teaching, 대면"
스웨덴사회와문예사조(1),전공,4,A09485101,2,2,월 3 4 (2207),14,30,대면
스웨덴의다문화정책,전공,4,A09484101,2,2,목 5 6 (2604),8,30,"원어, 대면"
스칸디나비아문학과문화콘텐츠번역(1),전공,4,A09403301,2,2,목 7 8 (0115),13,20,대면
스페인문화사(1),전공,1,A05357201,2,2,목 1 2 ( ),70,60,비대면(학기 전체)
스페인문화사(1),전공,1,A05357202,2,2,수 7 8 ( ),66,60,비대면(학기 전체)
스페인문화사(1),전공,1,A05357203,2,2,화 1 2 ( ),15,60,비대면(학기 전체)
스페인어회화I(1),전공,1,A05483201,3,3,월 1 2 (1405) 수 3 (1506),22,20,"전필, 원어, 대면"
스페인어회화I(1),전공,1,A05483202,3,3,월 3 (1405) 화 1 2 (1408),18,20,"전필, 원어, 대면"
스페인어회화I(1),전공,1,A05483203,3,3,월 4 (1405) 금 3 4 (1408),20,20,"전필, 원어, 대면"
스페인어회화I(1),전공,1,A05483204,3,3,월 3 4 금 5 (1305),23,20,"전필, 원어, 대면"
스페인어회화I(1),전공,1,A05483205,3,3,화 3 4 금 4 (1305),22,20,"전필, 원어, 대면"
스페인어회화I(1),전공,1,A05483206,3,3,수 5 6 금 3 (1305),21,20,"전필, 원어, 대면"
스페인어회화I(1),전공,1,A05483207,3,3,월 7 8 금 7 (1609),26,20,"전필, 원어, 대면"
스페인어회화I(1),전공,1,A05483208,3,3,목 7 8 금 8 (1609),29,20,"전필, 원어, 대면"
스페인어회화I(1),전공,1,A05483209,3,3,화 3 수 7 8 (2502),11,20,"전필, 원어, 대면"
스페인어회화I(1),전공,1,A05483210,3,3,화 4 수 5 6 (2502),23,20,"전필, 원어, 대면"
초급스페인어문법(1),전공,1,A05109401,3,3,목 4 5 6 (1407),37,30,대면
초급스페인어문법(1),전공,1,A05109402,3,3,월 4 5 6 (1304),31,30,대면
초급스페인어문법(1),전공,1,A05109403,3,3,금 1 2 3 (1303),13,30,대면
초급스페인어문법(1),전공,1,A05109404,3,3,수 1 2 3 (0338),11,30,대면
초급스페인어문법(1),전공,1,A05109405,3,3,화 7 8 9 (1604),33,30,대면
초급스페인어문법(1),전공,1,A05109406,3,3,목 4 5 6 (3506),41,30,대면
초급스페인어문법(1),전공,1,A05109407,3,3,수 7 8 9 (3403),24,30,대면
초급스페인어문법(1),전공,1,A05109408,3,3,월 7 8 9 (3407),23,30,대면
초급스페인어쓰기(1),전공,1,A05115101,2,2,월 7 8 (2207),39,30,대면
초급스페인어쓰기(1),전공,1,A05115103,2,2,화 5 6 (3303),28,30,대면
초급스페인어쓰기(1),전공,1,A05115104,2,2,수 9 10 (1602),10,30,대면
초급스페인어쓰기(1),전공,1,A05115105,2,2,목 3 4 (1602),33,30,대면
초급스페인어읽기(1),전공,1,A05113101,2,2,월 5 6 (2207),49,30,대면
초급스페인어읽기(1),전공,1,A05113102,2,2,금 5 6 (3307),26,30,대면
초급스페인어읽기(1),전공,1,A05113103,2,2,목 1 2 (1608),16,30,대면
초급스페인어읽기(1),전공,1,A05113105,2,2,화 7 8 (1603),39,30,대면
초급스페인어읽기(1),전공,1,A05113106,2,2,목 5 6 (2506),25,30,대면
멕시코.중미.카리브지역의이해,전공,2,A05487101,2,2,목 7 8 ( ),48,60,비대면(학기 전체)
스페인어회화II(1),전공,2,A05485101,2,2,수 1 2 (1506),16,20,"전필, 원어, 대면"
스페인어회화II(1),전공,2,A05485102,2,2,화 1 2 (1305),23,20,"전필, 원어, 대면"
스페인어회화II(1),전공,2,A05485103,2,2,월 1 2 (3402),17,20,"전필, 원어, 대면"
스페인어회화II(1),전공,2,A05485104,2,2,월 5 6 (1609),23,20,"전필, 원어, 대면"
스페인어회화II(1),전공,2,A05485105,2,2,목 1 2 (1408),12,20,"전필, 원어, 대면"
스페인어회화II(1),전공,2,A05485106,2,2,목 1 2 (1508),21,20,"전필, 원어, 대면"
스페인어회화II(1),전공,2,A05485107,2,2,수 9 10 (2502),7,20,"전필, 원어, 대면"
스페인어회화II(1),전공,2,A05485108,2,2,금 7 8 (2502),6,20,"전필, 원어, 대면"
스페인어회화II(1),전공,2,A05485109,2,2,금 5 6 (2502),14,20,"전필, 원어, 대면"
중급스페인어문법(1),전공,2,A05207201,2,2,화 3 4 (1407),40,30,대면
중급스페인어문법(1),전공,2,A05207202,2,2,월 1 2 (1603),14,30,대면
중급스페인어문법(1),전공,2,A05207203,2,2,금 5 6 (2207),22,30,대면
중급스페인어문법(1),전공,2,A05207204,2,2,월 7 8 (1603),33,30,대면
중급스페인어쓰기(1),전공,2,A05237101,2,2,금 3 4 (3307),21,30,대면
중급스페인어쓰기(1),전공,2,A05237103,2,2,금 7 8 (3506),15,30,대면
중급스페인어읽기(1),전공,2,A05235102,2,2,목 5 6 (1602),33,30,대면
중급스페인어읽기(1),전공,2,A05235103,2,2,화 9 10 (1402),22,30,대면
중남미경제(1),전공,2,A05489101,2,2,화 5 6 ( ),46,50,비대면(학기 전체)
중남미경제(1),전공,2,A05489102,2,2,수 7 8 ( ),42,50,비대면(학기 전체)
중남미문화사(1),전공,2,A05459101,2,2,목 3 4 ( ),28,60,비대면(학기 전체)
중남미문화사(1),전공,2,A05459102,2,2,월 9 10 ( ),62,60,비대면(학기 전체)
스페인문학사(1),전공,3,A05311101,2,2,월 1 2 ( ),37,60,"Team Teaching, 비대면(학기 전체)"
스페인어언어학I,전공,3,A05349301,2,2,수 3 4 ( ),40,60,비대면(학기 전체)
시사원어토론(1),전공,3,A05481101,2,2,수 5 6 (2208),23,30,"원어, 대면"
시사원어토론(1),전공,3,A05481102,2,2,금 1 2 (1403),10,30,"원어, 대면"
중남미문학사(1),전공,3,A05409101,2,2,수 1 2 ( ),57,61,비대면(학기 전체)
중남미인종과사회(1),전공,3,A05467101,2,2,목 9 10 ( ),58,60,비대면(학기 전체)
중남미정치(1),전공,3,A05341101,2,2,금 5 6 ( ),60,60,비대면(학기 전체)
중남미지역개발협력I,전공,3,A05469301,2,2,금 7 8 ( ),56,60,비대면(학기 전체)
스페인어발달사(1),전공,4,A05461201,2,2,월 3 4 ( ),65,61,비대면(학기 전체)
스페인어에세이쓰기(1),전공,4,A05479101,2,2,월 5 6 (2509),20,30,"원어, 대면"
스페인어에세이쓰기(1),전공,4,A05479102,2,2,금 3 4 (2502),9,30,"원어, 대면"
스페인어에세이쓰기(1),전공,4,A05479103,2,2,화 5 6 (1407),16,30,"원어, 대면"
스페인지역연구I,전공,4,A05413301,2,2,금 7 8 ( ),39,50,비대면(학기 전체)
스페인황금세기문학,전공,4,A05450101,2,2,수 7 8 ( ),28,50,비대면(학기 전체)
중남미기업과법(1),전공,4,A05471101,2,2,목 7 8 ( ),37,50,비대면(학기 전체)
중남미소설,전공,4,A05411101,2,2,금 1 2 ( ),24,50,비대면(학기 전체)
중남미외교와국제관계(1),전공,4,A05473101,2,2,월 1 2 (1305),8,20,대면
아랍학입문,전공,1,O04109201,1,1,월 2 ( ),43,48,"비대면(학기 전체), 지역학 기본"
초급시청각아랍어(1),전공,1,B04201601,2,2,금 5 6 (1210),29,25,"원어, 대면, 전공 및 이중전공생만 수강"
초급시청각아랍어(1),전공,1,B04201602,2,2,화 5 6 (3507),40,30,"대면, 전공 및 이중전공생만 수강"
초급아랍어강독(1),전공,1,B04105401,2,2,금 3 4 (0118),13,30,"대면, 전공 및 이중전공생만 수강"
초급아랍어강독(1),전공,1,B04105402,2,2,금 7 8 (3507),17,30,"대면, 전공 및 이중전공생만 수강"
초급아랍어강독(1),전공,1,B04105403,2,2,수 5 6 (1301),38,30,"대면, 전공 및 이중전공생만 수강"
초급아랍어문법(1),전공,1,B04101501,3,3,화 7 8 9 (1203),33,30,"대면, 전공 및 이중전공생만 수강"
초급아랍어문법(1),전공,1,B04101502,3,3,수 7 8 9 (2208),25,30,"원어, 대면, 전공 및 이중전공생만 수강"
초급아랍어문법(1),전공,1,B04101503,3,3,월 7 8 9 (1203),14,30,"대면, 전공 및 이중전공생만 수강"
초급아랍어회화(1),전공,1,B04206301,2,2,월 3 4 (1409),23,20,"전필, 원어, 대면, 22학번 신입생 및 편입생 전용"
초급아랍어회화(1),전공,1,B04206302,2,2,월 5 6 (1409),27,20,"전필, 원어, 대면, 22학번 신입생 및 편입생 전용"
초급아랍어회화(1),전공,1,B04206303,2,2,화 1 2 (2404),12,20,"전필, 원어, 대면, 22학번 신입생 및 편입생 전용"
초급아랍어회화(1),전공,1,B04206304,2,2,월 1 2 (0211),6,20,"전필, 원어, 대면, 2학년 이상 재학생/재수강생 전용"
아랍지역연구,전공,2,O04211101,2,2,목 1 2 ( ),51,51,"비대면(학기 전체), 지역학 기본"
중급시청각아랍어(1),전공,2,B04202301,2,2,화 3 4 (1608),21,23,"대면, 전공 및 이중전공생만 수강"
중급시청각아랍어(1),전공,2,B04202302,2,2,목 5 6 (1504),25,23,"대면, 전공 및 이중전공생만 수강"
중급아랍어(1),전공,2,B04205101,2,2,목 7 8 (1403),24,30,"원어, 대면, 전공 및 이중전공생만 수강"
중급아랍어(1),전공,2,B04205102,2,2,월 5 6 (1303),29,30,"대면, 전공 및 이중전공생만 수강"
중급아랍어문장연습(1),전공,2,B04214201,2,2,금 3 4 (3407),15,30,"원어, 대면, 전공 및 이중전공생만 수강"
중급아랍어문장연습(1),전공,2,B04214202,2,2,금 5 6 (3403),30,30,"대면, 전공 및 이중전공생만 수강"
중급아랍어회화(1),전공,2,B04223401,2,2,수 1 2 (0211),20,20,"전필, 원어, 대면, 전공 및 이중전공생만 수강"
FLEX아랍어,전공,3,B04391101,2,2,목 3 4 (1504),23,30,대면
고급아랍어회화(1),전공,3,B04208201,2,2,목 1 2 (1202),6,20,"원어, 대면"
미디어아랍어,전공,3,O04301201,2,2,목 5 6 (1301),31,40,대면
아랍수필,전공,3,B04352201,2,2,수 7 8 (1301),13,40,대면
아랍어학사,전공,3,B04381101,2,2,화 5 6 (6226),24,40,대면
아랍의료관광의이해(1),전공,3,B04491201,2,2,화 3 4 (6105),22,40,"대면, 지역학 기본"
아랍통상실무(1),전공,3,B04487101,2,2,금 1 2 (0118),13,40,"대면, 지역학 기본"
아랍문학사,전공,4,B04310101,2,2,월 7 8 (2203),11,40,대면
아랍비교정치론,전공,4,B04380101,2,2,수 1 2 (3207),20,40,"대면, 지역학 심화"
아랍어구문어체비교론,전공,4,B04461201,2,2,화 7 8 (2207),4,40,"원어, 대면"
아랍외교정책연구,전공,4,B04416101,2,2,월 3 4 (3206),30,40,"대면, 지역학 심화"
아랍의문화예술,전공,4,B04492101,2,2,목 7 8 (1501),31,40,"대면, 지역학 기본"
이슬람경제와금융,전공,4,B04419101,2,2,화 1 2 (6105),34,40,"대면, 지역학 심화"
디지털뉴스스토리텔링,전공,2,C04535101,3,3,금 7 8 9 ( ),62,60,비대면(학기 전체)
저널리즘의이해,전공,2,C03201101,3,3,화 1 2 3 ( ),64,70,"전필, 비대면(학기 전체)"
글로벌커뮤니케이션,전공,3,V24405101,3,3,목 4 5 6 ( ),47,61,"전필, 비대면(학기 전체)"
언론정보통계분석I,전공,3,C04524101,3,3,월 4 5 6 ( ),51,70,"전필, 비대면(학기 전체)"
디지털뉴스리터러시,전공,4,C03124201,3,3,목 10 11 12 ( ),25,60,비대면(학기 전체)
디지털미디어와저작권,전공,4,C04371101,3,3,화 7 8 9 ( ),54,60,비대면(학기 전체)
탐사저널리즘,전공,4,C03207201,3,3,금 10 11 12 ( ),42,60,비대면(학기 전체)
드라마입문(1),전공,1,A01137101,3,3,월 4 5 6 (3401),50,33,"대면, 1학년 우선수강, 영어대, 영어교육과 교류"
드라마입문(1),전공,1,A01137102,3,3,화 1 2 3 (3407),17,30,"대면, 1학년 우선수강, 영어대, 영어교육과 교류"
문화와글쓰기,전공,1,A01140101,3,3,월 4 5 6 (1506),9,30,"원어, 대면, 1학년 우선수강"
문화와글쓰기,전공,1,A01140102,3,3,화 7 8 9 (1307),10,30,"원어, 대면, 1학년 우선수강"
문화와텍스트(1),전공,1,A01136101,3,3,수 4 5 6 (1507),31,30,"대면, 1학년 우선수강"
문화와텍스트(1),전공,1,A01136102,3,3,금 1 2 3 (2508),14,30,"원어, 대면, 1학년 우선수강"
영.미시입문(1),전공,1,A01139101,3,3,월 7 8 9 (3406),33,30,"대면, 1학년 우선수강, 영어대, 영어교육과 교류"
영.미시입문(1),전공,1,A01139102,3,3,목 1 2 3 (3403),31,30,"대면, 1학년 우선수강, 영어대, 영어교육과 교류"
영.미시입문(1),전공,1,A01139103,3,3,금 4 5 6 (2509),31,30,"대면, 1학년 우선수강, 영어대, 영어교육과 교류"
영어권소설입문(1),전공,1,A01138101,3,3,월 7 8 9 (1507),36,30,"대면, 1학년 우선수강, 영어대, 영어교육과 교류"
영어권소설입문(1),전공,1,A01138102,3,3,화 7 8 9 (3106),39,30,"대면, 1학년 우선수강, 영어대, 영어교육과 교류"
영어권소설입문(1),전공,1,A01138103,3,3,금 7 8 9 (1404),12,30,"원어, 대면, 1학년 우선수강, 영어대, 영어교육과 교류"
21세기영.미문학,전공,2,A01672301,3,3,수 7 8 9 (2407),23,40,"원어, 대면, 영어대교류"
21세기영.미문학,전공,2,A01672302,3,3,금 7 8 9 (6105),38,40,"대면, 영어대교류"
문학적상상력과공연(1),전공,2,A01694301,3,3,화 4 5 6 (0329),11,30,"원어, 대면"
문화간이해방법론,전공,2,A01671201,2,2,목 3 4 (1301),9,40,"원어, 대면, 영어대교류"
베스트셀러읽기,전공,2,A01145301,3,3,월 7 8 9 (2208),9,30,"대면, 영어대교류"
베스트셀러읽기,전공,2,A01145302,3,3,목 7 8 9 (1502),40,32,"대면, 영어대교류"
영.미문학과토론,전공,2,A01225301,3,3,목 7 8 9 (1307),10,30,"원어, 대면, 영어대교류"
영.미문학과토론,전공,2,A01225302,3,3,목 4 5 6 (1403),2,30,"원어, 대면, 영어대교류"
영.미문학번역,전공,2,A01231301,3,3,수 1 2 3 (3403),38,30,대면
영.미문학번역,전공,2,A01231302,3,3,목 7 8 9 (2403),26,30,대면
영.미문화의이해,전공,2,A01722101,3,3,화 9 10 11 (3204),35,40,"대면, 영어대교류"
영.미문화의이해,전공,2,A01722102,3,3,화 9 10 11 (3308),41,41,"대면, 영어대교류"
영국문학개관(1),전공,2,A01207701,3,3,화 4 5 6 (6411),41,40,"대면, 영어대, 영어교육과 교류"
영국문학개관(1),전공,2,A01207702,3,3,수 4 5 6 (2409),14,40,"원어, 대면, 영어대, 영어교육과 교류"
영작문,전공,2,A01227201,2,2,금 5 6 (1304),15,30,"원어, 대면"
19세기미국소설,전공,3,A01220101,3,3,목 7 8 9 (2409),14,40,"원어, 대면, 영어대 교류"
19세기미국소설,전공,3,A01220102,3,3,목 1 2 3 (3306),39,40,"대면, 영어대 교류"
19세기영국소설,전공,3,A01696101,3,3,화 4 5 6 (3508),12,40,"원어, 대면, 영어대 교류"
19세기영국소설,전공,3,A01696102,3,3,수 7 8 9 (6411),43,41,"대면, 영어대 교류"
Advanced English Writing (1),전공,3,A01619101,2,2,수 3 4 (3404),5,20,"원어, 대면"
Advanced English Writing (1),전공,3,A01619102,2,2,수 5 6 (3404),9,20,"원어, 대면"
American Drama,전공,3,A01312401,3,3,화 7 8 9 (6226),7,40,"원어, 대면, 영어대 교류"
American Drama,전공,3,A01312402,3,3,화 1 2 3 (3306),37,41,"대면, 영어대 교류"
미국시,전공,3,A01322301,3,3,수 7 8 9 (1405),4,40,"대면, 영어대 교류"
영.미문학특강,전공,3,A01377201,3,3,화 7 8 9 (1404),6,40,"대면, 영어대 교류"
영.미문학특강,전공,3,A01377202,3,3,월 7 8 9 (3401),19,40,"대면, 영어대 교류"
영.미문학특강,전공,3,A01377203,3,3,화 1 2 3 (6411),33,40,"대면, 영어대 교류"
영미문화특강(1),전공,3,A01247201,3,3,금 9 10 11 (3503),2,30,대면
English Debate,전공,4,A01417201,2,2,월 1 2 (1402),9,30,"원어, 대면"
비평적글쓰기캡스톤디자인(1),전공,4,A01726201,3,3,수 1 2 3 (1507),10,30,대면
셰익스피어주제연구,전공,4,A01375202,3,3,금 7 8 9 (3205),36,40,"대면, 영어대 교류"
영.미문학과영상,전공,4,A01482301,3,3,월 4 5 6 (2409),21,30,"대면, 영어대 교류"
영.미비평,전공,4,A01404501,3,3,화 4 5 6 (0118),11,40,"대면, 영어대 교류"
드라마입문(1),이중(부)전공,2,A01137103,3,3,월 1 2 3 (1604),15,30,"대면, 1전공 수강금지, 영어대, 영어교육과 교류"
영.미시입문(1),이중(부)전공,2,A01139104,3,3,수 4 5 6 (3304),11,30,"대면, 1전공 수강금지, 영어대, 영어교육과 교류"
영어권소설입문(1),이중(부)전공,2,A01138104,3,3,목 9 10 11 (1304),18,30,"대면, 1전공 수강금지, 영어대, 영어교육과 교류"
English Speaking (1),이중(부)전공,3,A01675201,2,2,화 1 2 (1304),7,20,"원어, 대면, 1전공 수강금지"
English Writing (1),이중(부)전공,3,A01679201,2,2,금 5 6 (1507),1,30,"원어, 대면, 1전공 수강금지"
영국문학개관(1),이중(부)전공,3,A01207703,3,3,목 4 5 6 (3106),28,40,"대면, 1전공 수강금지, 영어대, 영어교육과 교류"
19세기영국소설,이중(부)전공,4,A01696103,3,3,목 4 5 6 (2105),4,40,"대면, 1전공 수강금지"
American Drama,이중(부)전공,4,A01312403,3,3,목 1 2 3 (1603),15,30,"대면, 1전공 수강금지"
미국시,이중(부)전공,4,A01322302,3,3,목 9 10 11 (1408),1,30,"대면, 1전공 수강금지"
셰익스피어주제연구,이중(부)전공,4,A01375203,3,3,금 4 5 6 (3205),12,40,"대면, 1전공 수강금지"
영.미문학과영상,이중(부)전공,4,A01482302,3,3,수 1 2 3 (1408),6,30,"대면, 1전공 수강금지"
실용영문법,전공,1,N01107301,3,3,금 1 2 3 (1404),25,30,"원어, 대면, /1학년 우선수강/1전공만"
영어학개론(1),전공,1,A01123301,3,3,수 7 8 9 (1408),24,20,"전필, 대면, /1전공 우선수강"
전공영어1,전공,1,E01126401,3,3,수 1 2 3 (2205),14,15,"전필, 원어, 대면, /1학년 우선수강/1전공만"
전공영어1,전공,1,E01126402,3,3,수 1 2 3 (3304),21,5,"전필, 원어, 대면, /1학년 우선수강/1전공만"
고급영어토론및발표,전공,2,E01207101,2,2,화 5 6 (2508),21,30,"원어, 대면"
영.미문학개론,전공,2,A01218501,3,3,목 4 5 6 (1601),36,40,대면
영어교수법,전공,2,E01407601,3,3,월 7 8 9 (1304),28,25,"전필, 대면, /1전공 우선수강"
영어교수학습이론,전공,2,E01408101,3,3,화 1 2 3 (1507),28,25,"전필, 대면, /1전공 우선수강"
멀티미디어영어교육,전공,3,E01359201,3,3,화 7 8 9 (0117),30,40,"전필, 대면, *2학기 웹활용영어교육(19학번 이후 이중전공 필수)미개설로 19학번이후 이중전공자 중[23년 2월 졸업예정자]만 해당과목 대체인정"